,ID,Ragione sociale,Ticker symbol,ISIN number,Numero CCIAA,Anni,Valori Borsa,Indice corrente,Indice di liquidità,Rotaz. cap. investito (volte),Rotaz. cap. cir. lordo (volte),Redditività del totale attivo (ROA),Redditività del totale attivo (ROA) (%),Redditività di tutto il capitale investito (ROI) (%),Redditività delle vendite (ROS) (%),Redditività del capitale proprio (ROE) (%),Indice di copertura delle immob. (patrimoniale),Costo denaro a prestito (%),Oneri finanz. su fatt. (%),Grado di copertura degli interessi passivi,Debiti v/banche su fatt. (%),valore_2013,rapporto,More Than
0,1.0,MARR S.P.A.,MARR,IT0003428445,RN0276618,2022,11.399999618530273,"1,58","1,18","1,55","2,21","3,44","5,34","2,22","7,77","0,45","3,79","0,50","8,11","13,25","0,95",12.079999923706055,-0.05629141634689372,0
0,1.0,MARR S.P.A.,MARR,IT0003428445,RN0276618,2021,18.899999618530273,"1,58","1,18","1,55","2,21","3,44","5,34","2,22","7,77","0,45","3,79","0,50","8,11","13,25","0,95",12.079999923706055,0.5645695147266105,1
0,1.0,MARR S.P.A.,MARR,IT0003428445,RN0276618,2020,16.860000610351562,"1,58","1,18","1,55","2,21","3,44","5,34","2,22","7,77","0,45","3,79","0,50","8,11","13,25","0,95",12.079999923706055,0.3956954235790293,0
0,1.0,MARR S.P.A.,MARR,IT0003428445,RN0276618,2019,20.350000381469727,"1,58","1,18","1,55","2,21","3,44","5,34","2,22","7,77","0,45","3,79","0,50","8,11","13,25","0,95",12.079999923706055,0.6846026912247278,1
0,1.0,MARR S.P.A.,MARR,IT0003428445,RN0276618,2018,20.600000381469727,"1,58","1,18","1,55","2,21","3,44","5,34","2,22","7,77","0,45","3,79","0,50","8,11","13,25","0,95",12.079999923706055,0.7052980555938446,1
0,1.0,MARR S.P.A.,MARR,IT0003428445,RN0276618,2017,21.520000457763672,"1,58","1,18","1,55","2,21","3,44","5,34","2,22","7,77","0,45","3,79","0,50","8,11","13,25","0,95",12.079999923706055,0.7814570027879184,1
0,1.0,MARR S.P.A.,MARR,IT0003428445,RN0276618,2016,17.350000381469727,"1,58","1,18","1,55","2,21","3,44","5,34","2,22","7,77","0,45","3,79","0,50","8,11","13,25","0,95",12.079999923706055,0.43625831879532617,1
0,1.0,MARR S.P.A.,MARR,IT0003428445,RN0276618,2015,19.079999923706055,"1,58","1,18","1,55","2,21","3,44","5,34","2,22","7,77","0,45","3,79","0,50","8,11","13,25","0,95",12.079999923706055,0.5794702023352705,1
0,1.0,MARR S.P.A.,MARR,IT0003428445,RN0276618,2014,14.720000267028809,"1,58","1,18","1,55","2,21","3,44","5,34","2,22","7,77","0,45","3,79","0,50","8,11","13,25","0,95",12.079999923706055,0.21854307615863133,0
0,1.0,MARR S.P.A.,MARR,IT0003428445,RN0276618,2013,12.079999923706055,"1,58","1,18","1,55","2,21","3,44","5,34","2,22","7,77","0,45","3,79","0,50","8,11","13,25","0,95",12.079999923706055,0.0,0
1,2.0,PIAGGIO & C. S.P.A.,PIA,IT0003073266,PI0134077,2022,2.803999900817871,"1,57","1,20","1,17","1,66","4,61","7,26","3,83","9,50","0,42","4,31","0,68","8,88","15,76","0,86",2.4119999408721924,0.16252071706267524,0
1,2.0,PIAGGIO & C. S.P.A.,PIA,IT0003073266,PI0134077,2021,2.874000072479248,"1,57","1,20","1,17","1,66","4,61","7,26","3,83","9,50","0,42","4,31","0,68","8,88","15,76","0,86",2.4119999408721924,0.1915423478161422,0
1,2.0,PIAGGIO & C. S.P.A.,PIA,IT0003073266,PI0134077,2020,2.696000099182129,"1,57","1,20","1,17","1,66","4,61","7,26","3,83","9,50","0,42","4,31","0,68","8,88","15,76","0,86",2.4119999408721924,0.11774467880262085,0
1,2.0,PIAGGIO & C. S.P.A.,PIA,IT0003073266,PI0134077,2019,2.747999906539917,"1,57","1,20","1,17","1,66","4,61","7,26","3,83","9,50","0,42","4,31","0,68","8,88","15,76","0,86",2.4119999408721924,0.13930347176800728,0
1,2.0,PIAGGIO & C. S.P.A.,PIA,IT0003073266,PI0134077,2018,1.8309999704360962,"1,57","1,20","1,17","1,66","4,61","7,26","3,83","9,50","0,42","4,31","0,68","8,88","15,76","0,86",2.4119999408721924,-0.2408789322880346,0
1,2.0,PIAGGIO & C. S.P.A.,PIA,IT0003073266,PI0134077,2017,2.299999952316284,"1,57","1,20","1,17","1,66","4,61","7,26","3,83","9,50","0,42","4,31","0,68","8,88","15,76","0,86",2.4119999408721924,-0.0464344905893358,0
1,2.0,PIAGGIO & C. S.P.A.,PIA,IT0003073266,PI0134077,2016,1.5859999656677246,"1,57","1,20","1,17","1,66","4,61","7,26","3,83","9,50","0,42","4,31","0,68","8,88","15,76","0,86",2.4119999408721924,-0.3424543928080619,0
1,2.0,PIAGGIO & C. S.P.A.,PIA,IT0003073266,PI0134077,2015,2.3259999752044678,"1,57","1,20","1,17","1,66","4,61","7,26","3,83","9,50","0,42","4,31","0,68","8,88","15,76","0,86",2.4119999408721924,-0.035655044683221115,0
1,2.0,PIAGGIO & C. S.P.A.,PIA,IT0003073266,PI0134077,2014,2.4100000858306885,"1,57","1,20","1,17","1,66","4,61","7,26","3,83","9,50","0,42","4,31","0,68","8,88","15,76","0,86",2.4119999408721924,-0.0008291273177978287,0
1,2.0,PIAGGIO & C. S.P.A.,PIA,IT0003073266,PI0134077,2013,2.4119999408721924,"1,57","1,20","1,17","1,66","4,61","7,26","3,83","9,50","0,42","4,31","0,68","8,88","15,76","0,86",2.4119999408721924,0.0,0
2,3.0,BREMBO S.P.A.,BRE,IT0005252728,BG0134667,2022,10.449999809265137,"1,70","1,38","0,98","1,40","0,09","0,12","0,09","-1,25","0,37","1,60","0,57","5,90","35,37","1,29",3.9159998893737793,1.668539352521849,1
2,3.0,BREMBO S.P.A.,BRE,IT0005252728,BG0134667,2021,12.529999732971191,"1,70","1,38","0,98","1,40","0,09","0,12","0,09","-1,25","0,37","1,60","0,57","5,90","35,37","1,29",3.9159998893737793,2.1996935870636363,1
2,3.0,BREMBO S.P.A.,BRE,IT0005252728,BG0134667,2020,10.788844108581543,"1,70","1,38","0,98","1,40","0,09","0,12","0,09","-1,25","0,37","1,60","0,57","5,90","35,37","1,29",3.9159998893737793,1.755067521288113,1
2,3.0,BREMBO S.P.A.,BRE,IT0005252728,BG0134667,2019,11.0600004196167,"1,70","1,38","0,98","1,40","0,09","0,12","0,09","-1,25","0,37","1,60","0,57","5,90","35,37","1,29",3.9159998893737793,1.8243107078803673,1
2,3.0,BREMBO S.P.A.,BRE,IT0005252728,BG0134667,2018,8.895000457763672,"1,70","1,38","0,98","1,40","0,09","0,12","0,09","-1,25","0,37","1,60","0,57","5,90","35,37","1,29",3.9159998893737793,1.2714506407164636,1
2,3.0,BREMBO S.P.A.,BRE,IT0005252728,BG0134667,2017,12.670000076293945,"1,70","1,38","0,98","1,40","0,09","0,12","0,09","-1,25","0,37","1,60","0,57","5,90","35,37","1,29",3.9159998893737793,2.235444441833232,1
2,3.0,BREMBO S.P.A.,BRE,IT0005252728,BG0134667,2016,11.5,"1,70","1,38","0,98","1,40","0,09","0,12","0,09","-1,25","0,37","1,60","0,57","5,90","35,37","1,29",3.9159998893737793,1.9366701544618796,1
2,3.0,BREMBO S.P.A.,BRE,IT0005252728,BG0134667,2015,8.935999870300293,"1,70","1,38","0,98","1,40","0,09","0,12","0,09","-1,25","0,37","1,60","0,57","5,90","35,37","1,29",3.9159998893737793,1.2819203582074867,1
2,3.0,BREMBO S.P.A.,BRE,IT0005252728,BG0134667,2014,5.539999961853027,"1,70","1,38","0,98","1,40","0,09","0,12","0,09","-1,25","0,37","1,60","0,57","5,90","35,37","1,29",3.9159998893737793,0.41470891684293365,1
2,3.0,BREMBO S.P.A.,BRE,IT0005252728,BG0134667,2013,3.9159998893737793,"1,70","1,38","0,98","1,40","0,09","0,12","0,09","-1,25","0,37","1,60","0,57","5,90","35,37","1,29",3.9159998893737793,0.0,0
3,4.0,DANIELI & C. OFFICINE MECCANICHE S.P.A. IN FORMA ABBREVIATA ANCHE DANIELI & C. S.P.A.,DAN,IT0000076502,UD0084904,2022,20.799999237060547,"1,46","1,16","1,46","2,04","8,84","13,31","5,88","19,42","0,33","2,15","0,40","19,02","18,59","1,04",24.950000762939453,-0.16633272140188826,0
3,4.0,DANIELI & C. OFFICINE MECCANICHE S.P.A. IN FORMA ABBREVIATA ANCHE DANIELI & C. S.P.A.,DAN,IT0000076502,UD0084904,2021,27.049999237060547,"1,46","1,16","1,46","2,04","8,84","13,31","5,88","19,42","0,33","2,15","0,40","19,02","18,59","1,04",24.950000762939453,0.08416827294211604,0
3,4.0,DANIELI & C. OFFICINE MECCANICHE S.P.A. IN FORMA ABBREVIATA ANCHE DANIELI & C. S.P.A.,DAN,IT0000076502,UD0084904,2020,14.380000114440918,"1,46","1,16","1,46","2,04","8,84","13,31","5,88","19,42","0,33","2,15","0,40","19,02","18,59","1,04",24.950000762939453,-0.4236473076265046,0
3,4.0,DANIELI & C. OFFICINE MECCANICHE S.P.A. IN FORMA ABBREVIATA ANCHE DANIELI & C. S.P.A.,DAN,IT0000076502,UD0084904,2019,16.3799991607666,"1,46","1,16","1,46","2,04","8,84","13,31","5,88","19,42","0,33","2,15","0,40","19,02","18,59","1,04",24.950000762939453,-0.3434870276598415,0
3,4.0,DANIELI & C. OFFICINE MECCANICHE S.P.A. IN FORMA ABBREVIATA ANCHE DANIELI & C. S.P.A.,DAN,IT0000076502,UD0084904,2018,15.260000228881836,"1,46","1,16","1,46","2,04","8,84","13,31","5,88","19,42","0,33","2,15","0,40","19,02","18,59","1,04",24.950000762939453,-0.3883767630360586,0
3,4.0,DANIELI & C. OFFICINE MECCANICHE S.P.A. IN FORMA ABBREVIATA ANCHE DANIELI & C. S.P.A.,DAN,IT0000076502,UD0084904,2017,19.809999465942383,"1,46","1,16","1,46","2,04","8,84","13,31","5,88","19,42","0,33","2,15","0,40","19,02","18,59","1,04",24.950000762939453,-0.20601206973235808,0
3,4.0,DANIELI & C. OFFICINE MECCANICHE S.P.A. IN FORMA ABBREVIATA ANCHE DANIELI & C. S.P.A.,DAN,IT0000076502,UD0084904,2016,19.309999465942383,"1,46","1,16","1,46","2,04","8,84","13,31","5,88","19,42","0,33","2,15","0,40","19,02","18,59","1,04",24.950000762939453,-0.2260521492798785,0
3,4.0,DANIELI & C. OFFICINE MECCANICHE S.P.A. IN FORMA ABBREVIATA ANCHE DANIELI & C. S.P.A.,DAN,IT0000076502,UD0084904,2015,17.600000381469727,"1,46","1,16","1,46","2,04","8,84","13,31","5,88","19,42","0,33","2,15","0,40","19,02","18,59","1,04",24.950000762939453,-0.2945891846379164,0
3,4.0,DANIELI & C. OFFICINE MECCANICHE S.P.A. IN FORMA ABBREVIATA ANCHE DANIELI & C. S.P.A.,DAN,IT0000076502,UD0084904,2014,20.579999923706055,"1,46","1,16","1,46","2,04","8,84","13,31","5,88","19,42","0,33","2,15","0,40","19,02","18,59","1,04",24.950000762939453,-0.17515032888193593,0
3,4.0,DANIELI & C. OFFICINE MECCANICHE S.P.A. IN FORMA ABBREVIATA ANCHE DANIELI & C. S.P.A.,DAN,IT0000076502,UD0084904,2013,24.950000762939453,"1,46","1,16","1,46","2,04","8,84","13,31","5,88","19,42","0,33","2,15","0,40","19,02","18,59","1,04",24.950000762939453,0.0,0
4,5.0,BRUNELLO CUCINELLI S.P.A.,BC,IT0004764699,PG0165936,2022,69.0999984741211,"1,67","1,34","1,54","2,06","9,37","14,36","5,92","20,32","0,20","1,87","0,35","20,30","18,72","0,94",25.829999923706055,1.6751838435238646,1
4,5.0,BRUNELLO CUCINELLI S.P.A.,BC,IT0004764699,PG0165936,2021,60.70000076293945,"1,67","1,34","1,54","2,06","9,37","14,36","5,92","20,32","0,20","1,87","0,35","20,30","18,72","0,94",25.829999923706055,1.3499806791416473,1
4,5.0,BRUNELLO CUCINELLI S.P.A.,BC,IT0004764699,PG0165936,2020,35.70000076293945,"1,67","1,34","1,54","2,06","9,37","14,36","5,92","20,32","0,20","1,87","0,35","20,30","18,72","0,94",25.829999923706055,0.3821138547575056,0
4,5.0,BRUNELLO CUCINELLI S.P.A.,BC,IT0004764699,PG0165936,2019,31.559999465942383,"1,67","1,34","1,54","2,06","9,37","14,36","5,92","20,32","0,20","1,87","0,35","20,30","18,72","0,94",25.829999923706055,0.2218350584266744,0
4,5.0,BRUNELLO CUCINELLI S.P.A.,BC,IT0004764699,PG0165936,2018,30.049999237060547,"1,67","1,34","1,54","2,06","9,37","14,36","5,92","20,32","0,20","1,87","0,35","20,30","18,72","0,94",25.829999923706055,0.1633758933727869,0
4,5.0,BRUNELLO CUCINELLI S.P.A.,BC,IT0004764699,PG0165936,2017,27.010000228881836,"1,67","1,34","1,54","2,06","9,37","14,36","5,92","20,32","0,20","1,87","0,35","20,30","18,72","0,94",25.829999923706055,0.045683325925712115,0
4,5.0,BRUNELLO CUCINELLI S.P.A.,BC,IT0004764699,PG0165936,2016,20.34000015258789,"1,67","1,34","1,54","2,06","9,37","14,36","5,92","20,32","0,20","1,87","0,35","20,30","18,72","0,94",25.829999923706055,-0.21254354577367207,0
4,5.0,BRUNELLO CUCINELLI S.P.A.,BC,IT0004764699,PG0165936,2015,16.31999969482422,"1,67","1,34","1,54","2,06","9,37","14,36","5,92","20,32","0,20","1,87","0,35","20,30","18,72","0,94",25.829999923706055,-0.36817654885681295,0
4,5.0,BRUNELLO CUCINELLI S.P.A.,BC,IT0004764699,PG0165936,2014,18.530000686645508,"1,67","1,34","1,54","2,06","9,37","14,36","5,92","20,32","0,20","1,87","0,35","20,30","18,72","0,94",25.829999923706055,-0.2826170831832179,0
4,5.0,BRUNELLO CUCINELLI S.P.A.,BC,IT0004764699,PG0165936,2013,25.829999923706055,"1,67","1,34","1,54","2,06","9,37","14,36","5,92","20,32","0,20","1,87","0,35","20,30","18,72","0,94",25.829999923706055,0.0,0
5,6.0,CENTRALE DEL LATTE D'ITALIA S.P.A.,CLI,IT0003023980,TO0520409,2022,2.940000057220459,"1,57","1,26","1,57","2,12","9,16","14,49","5,71","21,25","0,22","2,31","0,39","17,32","17,07","0,92",1.7450000047683716,0.6848137817688487,1
5,6.0,CENTRALE DEL LATTE D'ITALIA S.P.A.,CLI,IT0003023980,TO0520409,2021,3.450000047683716,"1,57","1,26","1,57","2,12","9,16","14,49","5,71","21,25","0,22","2,31","0,39","17,32","17,07","0,92",1.7450000047683716,0.9770773858202155,1
5,6.0,CENTRALE DEL LATTE D'ITALIA S.P.A.,CLI,IT0003023980,TO0520409,2020,2.5,"1,57","1,26","1,57","2,12","9,16","14,49","5,71","21,25","0,22","2,31","0,39","17,32","17,07","0,92",1.7450000047683716,0.43266475253210435,1
5,6.0,CENTRALE DEL LATTE D'ITALIA S.P.A.,CLI,IT0003023980,TO0520409,2019,2.4200000762939453,"1,57","1,26","1,57","2,12","9,16","14,49","5,71","21,25","0,22","2,31","0,39","17,32","17,07","0,92",1.7450000047683716,0.3868195241725356,0
5,6.0,CENTRALE DEL LATTE D'ITALIA S.P.A.,CLI,IT0003023980,TO0520409,2018,2.7300000190734863,"1,57","1,26","1,57","2,12","9,16","14,49","5,71","21,25","0,22","2,31","0,39","17,32","17,07","0,92",1.7450000047683716,0.5644699206954227,1
5,6.0,CENTRALE DEL LATTE D'ITALIA S.P.A.,CLI,IT0003023980,TO0520409,2017,3.4619998931884766,"1,57","1,26","1,57","2,12","9,16","14,49","5,71","21,25","0,22","2,31","0,39","17,32","17,07","0,92",1.7450000047683716,0.9839540880964162,1
5,6.0,CENTRALE DEL LATTE D'ITALIA S.P.A.,CLI,IT0003023980,TO0520409,2016,3.2119998931884766,"1,57","1,26","1,57","2,12","9,16","14,49","5,71","21,25","0,22","2,31","0,39","17,32","17,07","0,92",1.7450000047683716,0.8406876128432057,1
5,6.0,CENTRALE DEL LATTE D'ITALIA S.P.A.,CLI,IT0003023980,TO0520409,2015,3.328000068664551,"1,57","1,26","1,57","2,12","9,16","14,49","5,71","21,25","0,22","2,31","0,39","17,32","17,07","0,92",1.7450000047683716,0.90716335792005,1
5,6.0,CENTRALE DEL LATTE D'ITALIA S.P.A.,CLI,IT0003023980,TO0520409,2014,2.684000015258789,"1,57","1,26","1,57","2,12","9,16","14,49","5,71","21,25","0,22","2,31","0,39","17,32","17,07","0,92",1.7450000047683716,0.5381088870627588,1
5,6.0,CENTRALE DEL LATTE D'ITALIA S.P.A.,CLI,IT0003023980,TO0520409,2013,1.7450000047683716,"1,57","1,26","1,57","2,12","9,16","14,49","5,71","21,25","0,22","2,31","0,39","17,32","17,07","0,92",1.7450000047683716,0.0,0
6,7.0,ELICA S.P.A.,ELC,IT0003404214,AN0063006,2022,2.9700000286102295,"1,52","1,21","1,52","2,09","9,04","14,37","5,77","19,89","0,23","3,24","0,52","13,27","15,94","0,89",1.6740000247955322,0.7741935391984207,1
6,7.0,ELICA S.P.A.,ELC,IT0003404214,AN0063006,2021,3.6449999809265137,"1,52","1,21","1,52","2,09","9,04","14,37","5,77","19,89","0,23","3,24","0,52","13,27","15,94","0,89",1.6740000247955322,1.1774193111924989,1
6,7.0,ELICA S.P.A.,ELC,IT0003404214,AN0063006,2020,3.0950000286102295,"1,52","1,21","1,52","2,09","9,04","14,37","5,77","19,89","0,23","3,24","0,52","13,27","15,94","0,89",1.6740000247955322,0.848864983731564,1
6,7.0,ELICA S.P.A.,ELC,IT0003404214,AN0063006,2019,3.059999942779541,"1,52","1,21","1,52","2,09","9,04","14,37","5,77","19,89","0,23","3,24","0,52","13,27","15,94","0,89",1.6740000247955322,0.8279569279894721,1
6,7.0,ELICA S.P.A.,ELC,IT0003404214,AN0063006,2018,1.3040000200271606,"1,52","1,21","1,52","2,09","9,04","14,37","5,77","19,89","0,23","3,24","0,52","13,27","15,94","0,89",1.6740000247955322,-0.22102747866659356,0
6,7.0,ELICA S.P.A.,ELC,IT0003404214,AN0063006,2017,2.421999931335449,"1,52","1,21","1,52","2,09","9,04","14,37","5,77","19,89","0,23","3,24","0,52","13,27","15,94","0,89",1.6740000247955322,0.44683386825593385,1
6,7.0,ELICA S.P.A.,ELC,IT0003404214,AN0063006,2016,1.8550000190734863,"1,52","1,21","1,52","2,09","9,04","14,37","5,77","19,89","0,23","3,24","0,52","13,27","15,94","0,89",1.6740000247955322,0.10812424826580402,0
6,7.0,ELICA S.P.A.,ELC,IT0003404214,AN0063006,2015,1.9850000143051147,"1,52","1,21","1,52","2,09","9,04","14,37","5,77","19,89","0,23","3,24","0,52","13,27","15,94","0,89",1.6740000247955322,0.18578254773178338,0
6,7.0,ELICA S.P.A.,ELC,IT0003404214,AN0063006,2014,1.6660000085830688,"1,52","1,21","1,52","2,09","9,04","14,37","5,77","19,89","0,23","3,24","0,52","13,27","15,94","0,89",1.6740000247955322,-0.004778982134985621,0
6,7.0,ELICA S.P.A.,ELC,IT0003404214,AN0063006,2013,1.6740000247955322,"1,52","1,21","1,52","2,09","9,04","14,37","5,77","19,89","0,23","3,24","0,52","13,27","15,94","0,89",1.6740000247955322,0.0,0
8,9.0,SERVIZI ITALIA S.P.A.,SRI,IT0003814537,PR0185104,2022,1.184999942779541,"1,39","1,12","1,70","2,28","10,42","17,22","5,98","20,88","0,25","6,07","0,81","8,72","13,30","0,71",3.9820001125335693,-0.7024108715995042,0
8,9.0,SERVIZI ITALIA S.P.A.,SRI,IT0003814537,PR0185104,2021,2.075000047683716,"1,39","1,12","1,70","2,28","10,42","17,22","5,98","20,88","0,25","6,07","0,81","8,72","13,30","0,71",3.9820001125335693,-0.47890507557934603,0
8,9.0,SERVIZI ITALIA S.P.A.,SRI,IT0003814537,PR0185104,2020,2.119999885559082,"1,39","1,12","1,70","2,28","10,42","17,22","5,98","20,88","0,25","6,07","0,81","8,72","13,30","0,71",3.9820001125335693,-0.46760426277079625,0
8,9.0,SERVIZI ITALIA S.P.A.,SRI,IT0003814537,PR0185104,2019,2.990000009536743,"1,39","1,12","1,70","2,28","10,42","17,22","5,98","20,88","0,25","6,07","0,81","8,72","13,30","0,71",3.9820001125335693,-0.24912106352645502,0
8,9.0,SERVIZI ITALIA S.P.A.,SRI,IT0003814537,PR0185104,2018,3.119999885559082,"1,39","1,12","1,70","2,28","10,42","17,22","5,98","20,88","0,25","6,07","0,81","8,72","13,30","0,71",3.9820001125335693,-0.21647418448364508,0
8,9.0,SERVIZI ITALIA S.P.A.,SRI,IT0003814537,PR0185104,2017,6.699999809265137,"1,39","1,12","1,70","2,28","10,42","17,22","5,98","20,88","0,25","6,07","0,81","8,72","13,30","0,71",3.9820001125335693,0.6825714766246516,1
8,9.0,SERVIZI ITALIA S.P.A.,SRI,IT0003814537,PR0185104,2016,3.578000068664551,"1,39","1,12","1,70","2,28","10,42","17,22","5,98","20,88","0,25","6,07","0,81","8,72","13,30","0,71",3.9820001125335693,-0.10145656264483915,0
8,9.0,SERVIZI ITALIA S.P.A.,SRI,IT0003814537,PR0185104,2015,3.799999952316284,"1,39","1,12","1,70","2,28","10,42","17,22","5,98","20,88","0,25","6,07","0,81","8,72","13,30","0,71",3.9820001125335693,-0.045705714483640913,0
8,9.0,SERVIZI ITALIA S.P.A.,SRI,IT0003814537,PR0185104,2014,3.990000009536743,"1,39","1,12","1,70","2,28","10,42","17,22","5,98","20,88","0,25","6,07","0,81","8,72","13,30","0,71",3.9820001125335693,0.0020090147606961484,0
8,9.0,SERVIZI ITALIA S.P.A.,SRI,IT0003814537,PR0185104,2013,3.9820001125335693,"1,39","1,12","1,70","2,28","10,42","17,22","5,98","20,88","0,25","6,07","0,81","8,72","13,30","0,71",3.9820001125335693,0.0,0
11,12.0,ENERVIT S.P.A.,ENV,IT0004356751,MI1569150,2022,3.259999990463257,"0,95","0,63","0,74","1,98","3,94","6,32","4,91","17,40","0,57","13,33","3,85","3,27","28,91","1,12",3.190000057220459,0.021943552347077677,0
11,12.0,ENERVIT S.P.A.,ENV,IT0004356751,MI1569150,2021,3.8399999141693115,"0,95","0,63","0,74","1,98","3,94","6,32","4,91","17,40","0,57","13,33","3,85","3,27","28,91","1,12",3.190000057220459,0.20376170698730856,0
11,12.0,ENERVIT S.P.A.,ENV,IT0004356751,MI1569150,2020,3.359999895095825,"0,95","0,63","0,74","1,98","3,94","6,32","4,91","17,40","0,57","13,33","3,85","3,27","28,91","1,12",3.190000057220459,0.05329148427147423,0
11,12.0,ENERVIT S.P.A.,ENV,IT0004356751,MI1569150,2019,3.4100000858306885,"0,95","0,63","0,74","1,98","3,94","6,32","4,91","17,40","0,57","13,33","3,85","3,27","28,91","1,12",3.190000057220459,0.06896552497303787,0
11,12.0,ENERVIT S.P.A.,ENV,IT0004356751,MI1569150,2018,3.240000009536743,"0,95","0,63","0,74","1,98","3,94","6,32","4,91","17,40","0,57","13,33","3,85","3,27","28,91","1,12",3.190000057220459,0.015673965962198277,0
11,12.0,ENERVIT S.P.A.,ENV,IT0004356751,MI1569150,2017,3.4200000762939453,"0,95","0,63","0,74","1,98","3,94","6,32","4,91","17,40","0,57","13,33","3,85","3,27","28,91","1,12",3.190000057220459,0.07210031816547735,0
11,12.0,ENERVIT S.P.A.,ENV,IT0004356751,MI1569150,2016,2.568000078201294,"0,95","0,63","0,74","1,98","3,94","6,32","4,91","17,40","0,57","13,33","3,85","3,27","28,91","1,12",3.190000057220459,-0.1949843159442235,0
11,12.0,ENERVIT S.P.A.,ENV,IT0004356751,MI1569150,2015,2.8320000171661377,"0,95","0,63","0,74","1,98","3,94","6,32","4,91","17,40","0,57","13,33","3,85","3,27","28,91","1,12",3.190000057220459,-0.11222571587232422,0
11,12.0,ENERVIT S.P.A.,ENV,IT0004356751,MI1569150,2014,3.3399999141693115,"0,95","0,63","0,74","1,98","3,94","6,32","4,91","17,40","0,57","13,33","3,85","3,27","28,91","1,12",3.190000057220459,0.047021897886595054,0
11,12.0,ENERVIT S.P.A.,ENV,IT0004356751,MI1569150,2013,3.190000057220459,"0,95","0,63","0,74","1,98","3,94","6,32","4,91","17,40","0,57","13,33","3,85","3,27","28,91","1,12",3.190000057220459,0.0,0
27,28.0,BASIC NET S.P.A.,BAN,IT0001033700,TO0631153,2022,5.309999942779541,"1,21","0,89","0,96","2,08","9,50","14,81","9,50","33,38","0,39","2,93","0,76","18,17","25,86","0,69",2.322000026702881,1.2868216544852777,1
27,28.0,BASIC NET S.P.A.,BAN,IT0001033700,TO0631153,2021,5.75,"1,21","0,89","0,96","2,08","9,50","14,81","9,50","33,38","0,39","2,93","0,76","18,17","25,86","0,69",2.322000026702881,1.4763134943476728,1
27,28.0,BASIC NET S.P.A.,BAN,IT0001033700,TO0631153,2020,4.159999847412109,"1,21","0,89","0,96","2,08","9,50","14,81","9,50","33,38","0,39","2,93","0,76","18,17","25,86","0,69",2.322000026702881,0.7915589145444983,1
27,28.0,BASIC NET S.P.A.,BAN,IT0001033700,TO0631153,2019,5.199999809265137,"1,21","0,89","0,96","2,08","9,50","14,81","9,50","33,38","0,39","2,93","0,76","18,17","25,86","0,69",2.322000026702881,1.2394486431806229,1
27,28.0,BASIC NET S.P.A.,BAN,IT0001033700,TO0631153,2018,4.429999828338623,"1,21","0,89","0,96","2,08","9,50","14,81","9,50","33,38","0,39","2,93","0,76","18,17","25,86","0,69",2.322000026702881,0.9078379747604879,1
27,28.0,BASIC NET S.P.A.,BAN,IT0001033700,TO0631153,2017,3.680000066757202,"1,21","0,89","0,96","2,08","9,50","14,81","9,50","33,38","0,39","2,93","0,76","18,17","25,86","0,69",2.322000026702881,0.5848406651323819,1
27,28.0,BASIC NET S.P.A.,BAN,IT0001033700,TO0631153,2016,3.3519999980926514,"1,21","0,89","0,96","2,08","9,50","14,81","9,50","33,38","0,39","2,93","0,76","18,17","25,86","0,69",2.322000026702881,0.44358310057916617,1
27,28.0,BASIC NET S.P.A.,BAN,IT0001033700,TO0631153,2015,4.849999904632568,"1,21","0,89","0,96","2,08","9,50","14,81","9,50","33,38","0,39","2,93","0,76","18,17","25,86","0,69",2.322000026702881,1.088716558508966,1
27,28.0,BASIC NET S.P.A.,BAN,IT0001033700,TO0631153,2014,2.309999942779541,"1,21","0,89","0,96","2,08","9,50","14,81","9,50","33,38","0,39","2,93","0,76","18,17","25,86","0,69",2.322000026702881,-0.00516799473959495,0
27,28.0,BASIC NET S.P.A.,BAN,IT0001033700,TO0631153,2013,2.322000026702881,"1,21","0,89","0,96","2,08","9,50","14,81","9,50","33,38","0,39","2,93","0,76","18,17","25,86","0,69",2.322000026702881,0.0,0
