,ID,Ragione_sociale,Ticker_symbol,ISIN_number,Numero_CCIAA,Anni,Valori_Borsa,Indice_corrente,Indice_di_liquidità,Rotaz_cap_investito,Rotaz_cap_cir_lordo,Redditività_del_totale_attivo,Redditività_di_tutto_il_capitale_investito,Redditività_delle_vendite,Redditività_del_capitale_proprio,Indice_di_copertura_delle_immob,Costo_denaro_a_prestito,Oneri_finanz_su_fatt,Grado_di_copertura_degli_interessi_passivi,Debiti_v_banche_su_fatt,Debt_Equity_ratio
0,1.0,MARR S.P.A.,MARR,IT0003428445,RN0276618,2022,12.300000190734863,1.58,1.18,1.55,2.21,3.44,5.34,2.22,7.77,0.45,3.79,0.5,8.11,13.25,0.95
1,1.0,MARR S.P.A.,MARR,IT0003428445,RN0276618,2021,18.81999969482422,1.57,1.2,1.17,1.66,4.61,7.26,3.83,9.5,0.42,4.31,0.68,8.88,15.76,0.86
2,1.0,MARR S.P.A.,MARR,IT0003428445,RN0276618,2020,17.799999237060547,1.7,1.38,0.98,1.4,0.09,0.12,0.09,-1.25,0.37,1.6,0.57,5.9,35.37,1.29
3,1.0,MARR S.P.A.,MARR,IT0003428445,RN0276618,2019,21.200000762939453,1.46,1.16,1.46,2.04,8.84,13.31,5.88,19.42,0.33,2.15,0.4,19.02,18.59,1.04
4,1.0,MARR S.P.A.,MARR,IT0003428445,RN0276618,2018,21.520000457763672,1.67,1.34,1.54,2.06,9.37,14.36,5.92,20.32,0.2,1.87,0.35,20.3,18.72,0.94
5,1.0,MARR S.P.A.,MARR,IT0003428445,RN0276618,2017,21.739999771118164,1.57,1.26,1.57,2.12,9.16,14.49,5.71,21.25,0.22,2.31,0.39,17.32,17.07,0.92
6,1.0,MARR S.P.A.,MARR,IT0003428445,RN0276618,2016,17.649999618530273,1.52,1.21,1.52,2.09,9.04,14.37,5.77,19.89,0.23,3.24,0.52,13.27,15.94,0.89
7,1.0,MARR S.P.A.,MARR,IT0003428445,RN0276618,2015,17.969999313354492,1.77,1.46,1.63,2.14,9.88,15.71,5.91,21.17,0.23,4.14,0.64,10.92,15.46,0.8
8,1.0,MARR S.P.A.,MARR,IT0003428445,RN0276618,2014,14.75,1.39,1.12,1.7,2.28,10.42,17.22,5.98,20.88,0.25,6.07,0.81,8.72,13.3,0.71
9,1.0,MARR S.P.A.,MARR,IT0003428445,RN0276618,2013,12.0,1.69,1.41,1.6,2.14,9.33,15.29,5.71,19.63,0.26,5.27,0.81,8.31,15.47,0.82
10,2.0,PIAGGIO & C. S.P.A.,PIA,IT0003073266,PI0134077,2022,2.936000108718872,0.98,0.6,0.82,2.0,4.38,7.41,4.9,21.64,0.52,7.25,1.62,7.47,22.36,0.96
11,2.0,PIAGGIO & C. S.P.A.,PIA,IT0003073266,PI0134077,2021,2.864000082015991,0.95,0.63,0.74,1.98,3.94,6.32,4.91,17.4,0.57,13.33,3.85,3.27,28.91,1.12
12,2.0,PIAGGIO & C. S.P.A.,PIA,IT0003073266,PI0134077,2020,2.7079999446868896,0.79,0.54,0.62,2.01,2.11,3.13,3.12,12.28,0.62,6.71,2.23,5.51,33.15,1.09
13,2.0,PIAGGIO & C. S.P.A.,PIA,IT0003073266,PI0134077,2019,2.740000009536743,0.83,0.49,0.66,2.24,1.26,1.85,1.73,14.94,0.57,7.9,2.18,5.31,27.62,0.91
14,2.0,PIAGGIO & C. S.P.A.,PIA,IT0003073266,PI0134077,2018,1.8949999809265137,0.97,0.53,0.63,2.15,0.92,1.33,1.34,11.21,0.53,10.55,2.9,3.87,27.53,0.82
15,2.0,PIAGGIO & C. S.P.A.,PIA,IT0003073266,PI0134077,2017,2.503999948501587,0.87,0.47,0.68,2.36,0.34,0.5,0.46,6.63,0.55,19.33,3.77,2.85,19.48,0.64
16,2.0,PIAGGIO & C. S.P.A.,PIA,IT0003073266,PI0134077,2016,1.621999979019165,1.0,0.63,0.61,1.92,-0.77,-1.11,-1.15,4.39,0.58,9.59,2.97,2.79,30.92,0.92
17,2.0,PIAGGIO & C. S.P.A.,PIA,IT0003073266,PI0134077,2015,2.009999990463257,1.07,0.62,0.61,2.0,-0.9,-1.28,-1.34,4.7,0.59,11.85,3.1,2.63,26.14,0.78
18,2.0,PIAGGIO & C. S.P.A.,PIA,IT0003073266,PI0134077,2014,2.4760000705718994,1.05,0.61,0.57,1.77,0.29,0.42,0.45,4.5,0.6,15.57,4.06,2.24,26.1,0.74
19,2.0,PIAGGIO & C. S.P.A.,PIA,IT0003073266,PI0134077,2013,2.3559999465942383,0.88,0.49,0.6,2.0,-0.67,-0.98,-1.01,-0.52,0.64,10.96,3.65,2.05,33.32,0.95
20,3.0,BREMBO S.P.A.,BRE,IT0005252728,BG0134667,2022,11.0600004196167,1.55,1.23,0.58,1.26,5.35,7.13,8.73,19.12,0.32,1.71,0.81,17.58,47.33,0.76
21,3.0,BREMBO S.P.A.,BRE,IT0005252728,BG0134667,2021,12.989999771118164,1.64,1.38,0.5,1.1,4.34,5.68,8.37,13.04,0.32,1.08,0.65,22.1,60.26,0.84
22,3.0,BREMBO S.P.A.,BRE,IT0005252728,BG0134667,2020,10.948678970336914,1.99,1.7,0.44,0.89,2.04,2.63,4.42,11.72,0.38,1.59,1.18,10.07,74.3,0.98
23,3.0,BREMBO S.P.A.,BRE,IT0005252728,BG0134667,2019,11.069999694824219,1.32,1.04,0.72,1.63,7.92,10.92,10.39,29.0,0.46,2.03,0.52,30.83,25.64,0.55
24,3.0,BREMBO S.P.A.,BRE,IT0005252728,BG0134667,2018,10.180000305175781,1.14,0.91,0.78,1.6,10.9,17.2,13.23,21.85,0.35,2.65,0.68,26.38,25.5,0.5
25,3.0,BREMBO S.P.A.,BRE,IT0005252728,BG0134667,2017,13.260000228881836,1.65,1.29,0.81,1.73,9.42,13.46,11.12,31.17,0.34,1.19,0.38,40.43,31.72,0.63
26,3.0,BREMBO S.P.A.,BRE,IT0005252728,BG0134667,2016,12.050000190734863,1.27,0.92,0.92,2.18,11.7,16.46,12.19,35.06,0.34,1.56,0.46,35.65,29.26,0.66
27,3.0,BREMBO S.P.A.,BRE,IT0005252728,BG0134667,2015,8.001999855041504,1.21,0.89,0.96,2.08,9.5,14.81,9.5,33.38,0.39,2.93,0.76,18.17,25.86,0.69
28,3.0,BREMBO S.P.A.,BRE,IT0005252728,BG0134667,2014,5.374000072479248,1.28,0.97,0.87,1.84,5.95,9.4,6.58,26.73,0.47,3.62,1.24,9.34,34.3,1.01
29,3.0,BREMBO S.P.A.,BRE,IT0005252728,BG0134667,2013,3.927999973297119,1.06,0.75,0.83,1.84,3.78,6.47,4.34,18.57,0.53,4.38,1.42,7.16,32.37,1.0
30,4.0,DANIELI & C. OFFICINE MECCANICHE S.P.A. IN FORMA ABBREVIATA ANCHE DANIELI & C. S.P.A.,DAN,IT0000076502,UD0084904,2022,22.299999237060547,0.8,0.63,0.3,0.57,-0.54,-1.26,-1.74,3.6,0.09,6.35,2.64,0.58,41.57,0.45
31,4.0,DANIELI & C. OFFICINE MECCANICHE S.P.A. IN FORMA ABBREVIATA ANCHE DANIELI & C. S.P.A.,DAN,IT0000076502,UD0084904,2021,26.549999237060547,0.82,0.63,0.62,1.27,-0.13,-0.23,-0.21,0.36,0.09,0.19,0.07,14.95,38.37,0.76
32,4.0,DANIELI & C. OFFICINE MECCANICHE S.P.A. IN FORMA ABBREVIATA ANCHE DANIELI & C. S.P.A.,DAN,IT0000076502,UD0084904,2020,15.279999732971191,0.84,0.64,0.27,0.55,-0.05,-0.08,-0.16,-0.34,0.08,1.11,0.91,2.09,81.98,0.73
33,4.0,DANIELI & C. OFFICINE MECCANICHE S.P.A. IN FORMA ABBREVIATA ANCHE DANIELI & C. S.P.A.,DAN,IT0000076502,UD0084904,2019,16.700000762939453,0.84,0.6,0.32,0.69,0.33,0.66,0.98,0.02,0.07,4.33,1.95,2.11,45.02,0.43
34,4.0,DANIELI & C. OFFICINE MECCANICHE S.P.A. IN FORMA ABBREVIATA ANCHE DANIELI & C. S.P.A.,DAN,IT0000076502,UD0084904,2018,16.200000762939453,0.82,0.57,0.46,1.13,0.03,0.06,0.07,24.21,0.07,3.69,1.1,1.85,29.85,0.37
35,4.0,DANIELI & C. OFFICINE MECCANICHE S.P.A. IN FORMA ABBREVIATA ANCHE DANIELI & C. S.P.A.,DAN,IT0000076502,UD0084904,2017,21.149999618530273,0.65,0.49,0.37,0.86,0.81,1.91,2.11,2.07,0.1,1.08,0.4,10.6,37.22,0.51
36,4.0,DANIELI & C. OFFICINE MECCANICHE S.P.A. IN FORMA ABBREVIATA ANCHE DANIELI & C. S.P.A.,DAN,IT0000076502,UD0084904,2016,20.579999923706055,0.89,0.72,0.68,1.37,0.12,0.28,0.17,0.49,0.1,1.42,0.29,5.13,20.13,0.51
37,4.0,DANIELI & C. OFFICINE MECCANICHE S.P.A. IN FORMA ABBREVIATA ANCHE DANIELI & C. S.P.A.,DAN,IT0000076502,UD0084904,2015,15.5,0.8,0.58,0.42,0.93,0.47,1.19,1.08,19.02,0.11,2.36,0.5,6.21,21.33,0.31
38,4.0,DANIELI & C. OFFICINE MECCANICHE S.P.A. IN FORMA ABBREVIATA ANCHE DANIELI & C. S.P.A.,DAN,IT0000076502,UD0084904,2014,20.09000015258789,0.67,0.45,0.5,1.1,0.12,0.42,0.25,21.27,0.13,7.89,0.68,2.78,8.59,0.18
39,4.0,DANIELI & C. OFFICINE MECCANICHE S.P.A. IN FORMA ABBREVIATA ANCHE DANIELI & C. S.P.A.,DAN,IT0000076502,UD0084904,2013,25.299999237060547,0.72,0.46,0.45,0.88,0.14,0.57,0.3,14.04,0.16,8.53,0.86,1.83,10.12,0.25
40,5.0,BRUNELLO CUCINELLI S.P.A.,BC,IT0004764699,PG0165936,2022,71.5,1.53,1.04,0.73,1.47,17.33,22.59,22.33,21.96,0.37,4.23,0.78,33.7,18.36,0.44
41,5.0,BRUNELLO CUCINELLI S.P.A.,BC,IT0004764699,PG0165936,2021,60.79999923706055,1.58,0.99,0.67,1.57,9.74,12.42,14.05,16.56,0.38,4.52,1.1,16.89,24.29,0.48
42,5.0,BRUNELLO CUCINELLI S.P.A.,BC,IT0004764699,PG0165936,2020,34.2400016784668,1.21,0.77,0.61,1.33,2.97,3.81,4.86,-8.28,0.43,4.71,1.84,5.75,39.1,0.72
43,5.0,BRUNELLO CUCINELLI S.P.A.,BC,IT0004764699,PG0165936,2019,35.119998931884766,1.81,1.12,0.73,1.33,12.89,15.82,17.59,17.05,0.4,3.62,0.83,26.53,22.96,0.48
44,5.0,BRUNELLO CUCINELLI S.P.A.,BC,IT0004764699,PG0165936,2018,28.5,1.92,1.16,0.83,1.47,14.38,18.05,17.18,17.39,0.25,2.08,0.4,49.72,19.22,0.27
45,5.0,BRUNELLO CUCINELLI S.P.A.,BC,IT0004764699,PG0165936,2017,28.899999618530273,2.15,1.24,0.84,1.45,13.72,16.92,16.24,17.75,0.28,2.12,0.44,43.89,20.81,0.29
46,5.0,BRUNELLO CUCINELLI S.P.A.,BC,IT0004764699,PG0165936,2016,20.6299991607666,2.18,1.24,0.87,1.4,14.62,18.28,16.69,16.46,0.32,4.8,1.0,19.62,20.79,0.33
47,5.0,BRUNELLO CUCINELLI S.P.A.,BC,IT0004764699,PG0165936,2015,14.930000305175781,2.17,1.26,0.87,1.37,16.11,20.72,18.38,19.44,0.31,4.41,1.06,19.73,24.06,0.42
48,5.0,BRUNELLO CUCINELLI S.P.A.,BC,IT0004764699,PG0165936,2014,17.700000762939453,2.1,1.3,0.9,1.3,16.7,21.48,18.39,21.66,0.32,3.54,0.9,22.79,25.56,0.48
49,5.0,BRUNELLO CUCINELLI S.P.A.,BC,IT0004764699,PG0165936,2013,23.81999969482422,1.87,1.15,0.99,1.43,17.8,24.94,17.75,21.58,0.29,4.79,0.83,24.02,17.33,0.33
50,6.0,CENTRALE DEL LATTE D'ITALIA S.P.A.,CLI,IT0003023980,TO0520409,2022,2.869999885559082,0.9,0.68,1.23,2.96,0.96,1.66,0.77,0.24,1.95,3.05,0.64,9.73,20.97,1.26
51,6.0,CENTRALE DEL LATTE D'ITALIA S.P.A.,CLI,IT0003023980,TO0520409,2021,3.4600000381469727,0.95,0.79,1.06,2.41,1.93,3.45,1.78,3.63,2.01,2.73,0.71,10.77,26.07,1.36
52,6.0,CENTRALE DEL LATTE D'ITALIA S.P.A.,CLI,IT0003023980,TO0520409,2020,2.4600000381469727,0.99,0.87,0.77,2.06,3.18,4.38,4.06,6.76,2.03,2.13,1.15,8.68,53.89,1.78
53,6.0,CENTRALE DEL LATTE D'ITALIA S.P.A.,CLI,IT0003023980,TO0520409,2019,2.5,0.97,0.87,0.61,2.33,-1.73,-2.18,-2.81,-5.16,0.49,3.6,1.0,1.95,27.84,0.36
54,6.0,CENTRALE DEL LATTE D'ITALIA S.P.A.,CLI,IT0003023980,TO0520409,2018,2.740000009536743,1.3,1.18,0.64,2.22,0.27,0.35,0.42,0.71,0.4,4.26,0.74,4.19,17.38,0.21
55,6.0,CENTRALE DEL LATTE D'ITALIA S.P.A.,CLI,IT0003023980,TO0520409,2017,3.5199999809265137,1.64,1.54,0.64,1.73,0.25,0.32,0.39,0.3,0.28,1.57,0.3,10.29,19.09,0.23
56,6.0,CENTRALE DEL LATTE D'ITALIA S.P.A.,CLI,IT0003023980,TO0520409,2016,3.0199999809265137,1.13,1.04,0.71,2.42,-0.43,-0.57,-0.61,18.89,0.24,1.8,0.33,6.92,18.21,0.2
57,6.0,CENTRALE DEL LATTE D'ITALIA S.P.A.,CLI,IT0003023980,TO0520409,2015,3.2980000972747803,1.35,1.24,0.91,2.4,2.24,3.15,2.45,2.71,0.37,2.27,0.41,12.81,18.2,0.31
58,6.0,CENTRALE DEL LATTE D'ITALIA S.P.A.,CLI,IT0003023980,TO0520409,2014,2.690000057220459,1.2,1.11,1.01,2.93,2.81,4.1,2.77,3.27,0.36,4.91,0.54,9.85,10.94,0.2
59,6.0,CENTRALE DEL LATTE D'ITALIA S.P.A.,CLI,IT0003023980,TO0520409,2013,1.899999976158142,1.21,1.12,0.97,2.84,1.94,2.79,1.98,2.7,0.37,2.74,0.37,14.26,13.35,0.23
60,7.0,ELICA S.P.A.,ELC,IT0003404214,AN0063006,2022,3.065000057220459,1.16,0.92,0.93,1.95,6.55,10.76,6.76,14.59,0.22,2.92,0.8,12.24,27.38,0.82
61,7.0,ELICA S.P.A.,ELC,IT0003404214,AN0063006,2021,3.5399999618530273,1.1,0.97,0.97,1.78,2.83,5.84,2.91,10.69,0.28,2.13,0.55,12.8,25.69,1.13
62,7.0,ELICA S.P.A.,ELC,IT0003404214,AN0063006,2020,3.0850000381469727,1.41,1.14,0.95,1.65,-0.91,-1.65,-0.95,-3.71,0.56,2.68,0.83,5.4,31.06,1.3
63,7.0,ELICA S.P.A.,ELC,IT0003404214,AN0063006,2019,2.9700000286102295,1.12,0.83,1.2,2.6,-0.37,-0.66,-0.31,-1.67,0.6,3.82,0.79,5.33,20.58,0.92
64,7.0,ELICA S.P.A.,ELC,IT0003404214,AN0063006,2018,1.5199999809265137,1.09,0.81,1.21,2.49,-3.05,-5.41,-2.51,0.62,0.55,3.15,0.72,4.99,22.73,0.96
65,7.0,ELICA S.P.A.,ELC,IT0003404214,AN0063006,2017,2.4800000190734863,1.03,0.81,1.14,2.19,-0.09,-0.17,-0.08,-25.69,0.54,3.52,0.89,3.56,25.21,1.07
66,7.0,ELICA S.P.A.,ELC,IT0003404214,AN0063006,2016,1.840000033378601,1.06,0.87,0.99,1.87,-1.4,-2.35,-1.4,-5.85,0.4,5.99,1.5,1.17,25.12,0.75
67,7.0,ELICA S.P.A.,ELC,IT0003404214,AN0063006,2015,1.899999976158142,1.01,0.8,0.97,2.11,1.13,1.81,1.15,5.6,0.36,4.91,1.25,3.38,25.38,0.72
68,7.0,ELICA S.P.A.,ELC,IT0003404214,AN0063006,2014,1.7690000534057617,0.92,0.72,0.96,2.21,-0.27,-0.41,-0.27,4.38,0.38,5.37,1.49,1.7,27.7,0.75
69,7.0,ELICA S.P.A.,ELC,IT0003404214,AN0063006,2013,1.7699999809265137,0.96,0.75,0.95,2.16,-1.74,-2.75,-1.81,-1.57,0.38,4.59,1.28,0.79,27.93,0.74
70,8.0,GPI S.P.A.,GPI,IT0005221517,TN0189428,2022,14.199999809265137,2.12,1.4,0.35,0.57,0.5,0.61,1.4,3.59,0.08,6.32,4.84,1.62,76.64,0.92
71,8.0,GPI S.P.A.,GPI,IT0005221517,TN0189428,2021,16.5,1.48,1.45,0.55,0.99,2.38,3.13,4.22,10.45,0.19,6.19,2.87,3.54,46.38,1.2
72,8.0,GPI S.P.A.,GPI,IT0005221517,TN0189428,2020,8.180000305175781,1.84,1.8,0.53,0.86,3.66,4.69,6.73,10.51,0.25,6.32,3.36,3.73,53.2,1.49
73,8.0,GPI S.P.A.,GPI,IT0005221517,TN0189428,2019,7.739999771118164,1.65,1.62,0.54,0.83,3.96,5.37,7.1,18.6,0.31,4.31,1.79,6.83,41.59,1.28
74,8.0,GPI S.P.A.,GPI,IT0005221517,TN0189428,2018,8.34000015258789,1.76,1.73,0.44,0.71,2.69,3.58,5.95,11.58,0.19,3.78,2.8,3.53,74.16,1.37
75,8.0,GPI S.P.A.,GPI,IT0005221517,TN0189428,2017,10.699999809265137,1.66,1.62,0.48,0.88,5.59,7.49,10.96,12.35,0.18,7.01,2.5,5.75,35.72,0.63
76,8.0,GPI S.P.A.,GPI,IT0005221517,TN0189428,2016,10.199999809265137,2.07,2.04,0.47,0.68,5.89,7.3,12.24,11.37,0.18,6.79,3.33,4.53,49.04,0.77
77,8.0,GPI S.P.A.,GPI,IT0005221517,TN0189428,2015,9.800000190734863,1.27,1.15,0.65,1.31,6.03,8.4,9.11,16.57,0.23,5.07,2.78,5.7,54.85,2.22
78,8.0,GPI S.P.A.,GPI,IT0005221517,TN0189428,2014,NaN,1.21,1.2,0.88,1.64,8.63,14.14,9.64,15.82,0.19,10.4,2.39,6.84,22.99,0.89
79,8.0,GPI S.P.A.,GPI,IT0005221517,TN0189428,2013,NaN,1.04,1.03,0.81,1.37,7.15,12.7,8.45,17.69,0.22,7.36,2.47,6.09,33.57,1.35
80,9.0,SERVIZI ITALIA S.P.A.,SRI,IT0003814537,PR0185104,2022,1.2050000429153442,0.61,0.57,0.6,2.08,0.82,1.17,1.32,1.38,0.98,3.58,1.68,12.66,46.95,1.06
81,9.0,SERVIZI ITALIA S.P.A.,SRI,IT0003814537,PR0185104,2021,2.1050000190734863,0.55,0.51,0.62,2.44,1.74,2.47,2.71,3.95,1.06,2.66,1.13,20.42,42.28,0.99
82,9.0,SERVIZI ITALIA S.P.A.,SRI,IT0003814537,PR0185104,2020,2.2899999618530273,0.52,0.48,0.55,2.2,-0.18,-0.26,-0.32,2.14,1.11,3.24,1.56,13.43,48.32,1.06
83,9.0,SERVIZI ITALIA S.P.A.,SRI,IT0003814537,PR0185104,2019,3.2200000286102295,0.6,0.57,0.58,2.31,2.16,2.97,3.65,5.77,0.94,2.91,1.27,17.91,43.49,0.92
84,9.0,SERVIZI ITALIA S.P.A.,SRI,IT0003814537,PR0185104,2018,3.6600000858306885,0.68,0.65,0.64,2.15,2.98,4.28,4.55,8.03,0.71,1.17,0.48,50.33,40.95,0.66
85,9.0,SERVIZI ITALIA S.P.A.,SRI,IT0003814537,PR0185104,2017,6.760000228881836,0.74,0.71,0.64,2.1,3.89,5.54,5.85,9.7,0.7,1.4,0.54,46.68,38.8,0.63
86,9.0,SERVIZI ITALIA S.P.A.,SRI,IT0003814537,PR0185104,2016,3.6600000858306885,0.78,0.76,0.6,1.99,4.29,5.78,6.87,7.99,0.63,1.72,0.75,33.88,43.78,0.61
87,9.0,SERVIZI ITALIA S.P.A.,SRI,IT0003814537,PR0185104,2015,3.8239998817443848,0.8,0.78,0.65,2.02,5.21,7.42,7.59,8.49,0.73,2.99,1.1,23.48,36.73,0.57
88,9.0,SERVIZI ITALIA S.P.A.,SRI,IT0003814537,PR0185104,2014,4.0320000648498535,0.76,0.74,0.69,2.07,6.74,10.3,9.28,10.05,0.84,5.61,1.75,14.96,31.18,0.53
89,9.0,SERVIZI ITALIA S.P.A.,SRI,IT0003814537,PR0185104,2013,4.116000175476074,0.72,0.71,0.63,1.73,5.31,8.23,8.0,8.32,0.97,5.3,2.04,12.57,38.39,0.75
90,10.0,A.L.A. SOCIETA' PER AZIONI,ALA,IT0005446700,NA0803780,2022,11.800000190734863,1.98,1.07,0.72,1.37,8.11,10.2,11.19,11.02,0.02,4.79,2.52,5.2,52.48,0.92
91,10.0,A.L.A. SOCIETA' PER AZIONI,ALA,IT0005446700,NA0803780,2021,10.649999618530273,2.31,1.44,0.85,1.18,9.4,12.05,10.96,10.59,0.02,6.55,2.2,5.7,33.55,0.58
92,10.0,A.L.A. SOCIETA' PER AZIONI,ALA,IT0005446700,NA0803780,2020,NaN,1.61,0.65,0.93,1.36,7.68,10.99,8.18,14.12,0.04,5.82,2.2,4.35,37.79,1.03
93,10.0,A.L.A. SOCIETA' PER AZIONI,ALA,IT0005446700,NA0803780,2019,NaN,1.27,0.58,1.03,1.47,8.55,13.28,8.29,15.1,0.06,5.44,1.72,5.72,31.54,1.02
94,10.0,A.L.A. SOCIETA' PER AZIONI,ALA,IT0005446700,NA0803780,2018,NaN,1.17,0.49,0.91,1.33,7.31,11.52,8.02,12.95,0.08,5.08,1.89,5.13,37.15,1.14
95,10.0,A.L.A. SOCIETA' PER AZIONI,ALA,IT0005446700,NA0803780,2017,NaN,1.09,0.42,0.85,1.29,4.28,6.42,5.04,4.41,0.1,5.07,2.31,2.76,45.49,1.38
96,10.0,A.L.A. SOCIETA' PER AZIONI,ALA,IT0005446700,NA0803780,2016,NaN,1.24,0.56,0.89,1.31,5.99,9.2,6.7,9.74,0.08,3.77,1.53,4.96,40.64,1.27
97,10.0,A.L.A. SOCIETA' PER AZIONI,ALA,IT0005446700,NA0803780,2015,NaN,1.4,0.82,1.08,1.21,10.04,16.89,9.28,22.08,0.08,3.53,1.06,9.58,30.16,1.23
98,10.0,A.L.A. SOCIETA' PER AZIONI,ALA,IT0005446700,NA0803780,2014,NaN,1.33,0.97,0.84,0.86,8.62,11.73,10.29,27.09,0.07,2.24,1.44,7.94,64.17,2.86
99,10.0,A.L.A. SOCIETA' PER AZIONI,ALA,IT0005446700,NA0803780,2013,NaN,1.59,0.84,1.27,1.33,11.58,20.21,9.1,21.0,0.08,6.84,1.46,7.04,21.36,1.01
100,11.0,INDUSTRIE CHIMICHE FORESTALI S.P.A. IN FORMA ABBREVIATA ICF S.P.A .,ICF,IT0005416281,MI1781972,2022,5.559999942779541,2.1,1.53,0.71,1.62,2.5,3.2,3.52,4.18,0.2,4.42,0.61,14.38,13.81,0.24
101,11.0,INDUSTRIE CHIMICHE FORESTALI S.P.A. IN FORMA ABBREVIATA ICF S.P.A .,ICF,IT0005416281,MI1781972,2021,6.21999979019165,2.16,1.63,0.59,1.39,0.51,0.65,0.85,2.82,0.21,7.6,1.43,4.74,18.79,0.29
102,11.0,INDUSTRIE CHIMICHE FORESTALI S.P.A. IN FORMA ABBREVIATA ICF S.P.A .,ICF,IT0005416281,MI1781972,2020,5.460000038146973,2.03,1.59,0.51,1.33,2.4,2.91,4.71,3.02,0.2,7.93,1.56,7.65,19.72,0.25
103,11.0,INDUSTRIE CHIMICHE FORESTALI S.P.A. IN FORMA ABBREVIATA ICF S.P.A .,ICF,IT0005416281,MI1781972,2019,NaN,2.37,1.8,0.86,1.71,8.97,11.2,10.27,10.17,0.35,7.56,1.27,10.58,16.81,0.42
104,11.0,INDUSTRIE CHIMICHE FORESTALI S.P.A. IN FORMA ABBREVIATA ICF S.P.A .,ICF,IT0005416281,MI1781972,2018,NaN,2.27,1.66,1.14,2.16,0.99,1.28,0.86,-2.15,0.18,4.42,0.78,8.44,17.67,0.36
105,11.0,INDUSTRIE CHIMICHE FORESTALI S.P.A. IN FORMA ABBREVIATA ICF S.P.A .,ICF,IT0005416281,MI1781972,2017,NaN,1.9,1.42,1.02,1.91,5.07,6.96,4.96,3.23,0.18,4.48,0.89,11.88,19.9,0.39
106,11.0,INDUSTRIE CHIMICHE FORESTALI S.P.A. IN FORMA ABBREVIATA ICF S.P.A .,ICF,IT0005416281,MI1781972,2016,NaN,2.07,1.65,0.91,1.86,8.23,10.75,8.95,8.17,0.19,3.6,1.01,14.79,28.08,0.51
107,11.0,INDUSTRIE CHIMICHE FORESTALI S.P.A. IN FORMA ABBREVIATA ICF S.P.A .,ICF,IT0005416281,MI1781972,2015,NaN,1.7,1.25,1.44,2.23,15.95,24.32,10.7,22.31,0.13,6.43,0.41,31.07,6.37,0.17
108,11.0,INDUSTRIE CHIMICHE FORESTALI S.P.A. IN FORMA ABBREVIATA ICF S.P.A .,ICF,IT0005416281,MI1781972,2014,NaN,1.36,0.97,1.35,2.16,8.09,11.8,5.76,9.14,0.18,5.01,0.84,9.41,16.83,0.53
109,11.0,INDUSTRIE CHIMICHE FORESTALI S.P.A. IN FORMA ABBREVIATA ICF S.P.A .,ICF,IT0005416281,MI1781972,2013,NaN,1.07,0.76,1.28,2.09,8.49,12.0,6.41,12.69,0.22,3.82,0.88,9.73,23.06,0.76
110,12.0,ENERVIT S.P.A.,ENV,IT0004356751,MI1569150,2022,3.2899999618530273,1.67,1.3,1.12,1.86,7.6,11.19,6.8,14.03,0.52,2.42,0.41,29.76,16.75,0.57
111,12.0,ENERVIT S.P.A.,ENV,IT0004356751,MI1569150,2021,3.799999952316284,1.82,1.52,0.95,1.67,6.66,9.24,6.99,13.31,0.64,2.0,0.52,25.26,26.2,0.78
112,12.0,ENERVIT S.P.A.,ENV,IT0004356751,MI1569150,2020,3.299999952316284,1.91,1.52,0.81,1.6,-0.94,-1.24,-1.15,-9.02,0.86,10.77,4.21,1.58,39.07,1.08
113,12.0,ENERVIT S.P.A.,ENV,IT0004356751,MI1569150,2019,3.390000104904175,1.24,0.91,1.04,2.52,4.07,5.98,3.88,3.64,0.88,4.06,0.65,14.25,15.91,0.61
114,12.0,ENERVIT S.P.A.,ENV,IT0004356751,MI1569150,2018,3.2699999809265137,1.31,1.0,1.24,2.49,8.84,14.39,6.99,15.74,0.47,2.9,0.15,68.88,5.35,0.13
115,12.0,ENERVIT S.P.A.,ENV,IT0004356751,MI1569150,2017,3.4800000190734863,1.46,1.14,1.21,2.21,10.58,16.97,8.68,12.33,0.43,11.49,1.02,12.13,8.89,0.22
116,12.0,ENERVIT S.P.A.,ENV,IT0004356751,MI1569150,2016,2.7799999713897705,1.62,1.27,1.26,2.25,8.84,13.66,6.99,10.62,0.41,3.06,0.3,36.72,9.8,0.26
117,12.0,ENERVIT S.P.A.,ENV,IT0004356751,MI1569150,2015,2.7899999618530273,1.37,1.05,1.37,2.66,1.1,1.84,0.79,0.68,0.48,3.45,0.16,40.88,4.54,0.12
118,12.0,ENERVIT S.P.A.,ENV,IT0004356751,MI1569150,2014,3.490000009536743,1.54,1.2,1.31,2.19,12.41,20.57,9.36,10.75,0.35,4.15,0.14,89.64,3.33,0.08
119,12.0,ENERVIT S.P.A.,ENV,IT0004356751,MI1569150,2013,3.1579999923706055,1.67,1.31,1.36,2.08,10.44,17.8,7.58,11.1,0.23,6.85,0.16,62.24,2.4,0.06
120,13.0,MASI AGRICOLA S.P.A. E PER BREVITA' M.AGRI S.P.A.,MASI,IT0004125677,VR0345205,2022,4.510000228881836,4.19,1.92,0.34,0.73,4.2,4.56,11.56,2.99,0.43,2.36,0.99,15.9,42.12,0.24
121,13.0,MASI AGRICOLA S.P.A. E PER BREVITA' M.AGRI S.P.A.,MASI,IT0004125677,VR0345205,2021,3.8499999046325684,4.0,1.92,0.32,0.67,4.43,4.91,13.1,3.87,0.4,2.76,0.93,19.01,33.71,0.17
122,13.0,MASI AGRICOLA S.P.A. E PER BREVITA' M.AGRI S.P.A.,MASI,IT0004125677,VR0345205,2020,2.569999933242798,5.16,2.22,0.29,0.6,1.11,1.2,3.74,0.85,0.4,1.31,0.65,14.57,49.47,0.21
123,13.0,MASI AGRICOLA S.P.A. E PER BREVITA' M.AGRI S.P.A.,MASI,IT0004125677,VR0345205,2019,3.180000066757202,5.05,1.71,0.38,0.85,4.82,5.31,12.14,4.13,0.39,1.58,0.33,49.73,21.0,0.12
124,13.0,MASI AGRICOLA S.P.A. E PER BREVITA' M.AGRI S.P.A.,MASI,IT0004125677,VR0345205,2018,3.8499999046325684,5.6,1.94,0.4,0.83,4.72,5.19,11.54,4.85,0.36,1.58,0.35,43.68,22.31,0.11
125,13.0,MASI AGRICOLA S.P.A. E PER BREVITA' M.AGRI S.P.A.,MASI,IT0004125677,VR0345205,2017,4.5,5.64,2.07,0.4,0.82,6.33,6.96,15.58,5.26,0.35,2.17,0.52,37.52,23.91,0.12
126,13.0,MASI AGRICOLA S.P.A. E PER BREVITA' M.AGRI S.P.A.,MASI,IT0004125677,VR0345205,2016,4.309999942779541,4.14,1.62,0.45,1.03,6.93,7.63,14.92,5.14,0.36,3.74,0.69,32.56,18.35,0.11
127,13.0,MASI AGRICOLA S.P.A. E PER BREVITA' M.AGRI S.P.A.,MASI,IT0004125677,VR0345205,2015,4.400000095367432,4.12,2.34,0.43,0.85,7.41,8.24,16.22,5.28,0.36,3.18,0.84,28.13,26.46,0.16
128,13.0,MASI AGRICOLA S.P.A. E PER BREVITA' M.AGRI S.P.A.,MASI,IT0004125677,VR0345205,2014,NaN,3.51,1.43,0.5,1.09,10.84,12.17,21.11,8.81,0.33,3.29,1.19,23.0,36.09,0.27
129,13.0,MASI AGRICOLA S.P.A. E PER BREVITA' M.AGRI S.P.A.,MASI,IT0004125677,VR0345205,2013,NaN,3.47,1.54,0.55,1.24,11.6,12.94,20.32,9.96,0.35,2.85,1.16,22.6,40.69,0.36
130,14.0,SVAS BIOSANA S.P.A.,SVS,IT0005469264,NA0393065,2022,9.989999771118164,1.7,1.22,0.5,0.83,1.98,2.47,3.82,1.7,0.36,4.67,2.7,3.76,57.84,0.76
131,14.0,SVAS BIOSANA S.P.A.,SVS,IT0005469264,NA0393065,2021,NaN,1.9,1.46,0.48,0.77,2.58,3.18,5.34,2.43,0.37,5.29,3.02,3.83,56.96,0.69
132,14.0,SVAS BIOSANA S.P.A.,SVS,IT0005469264,NA0393065,2020,NaN,1.22,0.79,0.63,1.19,3.5,4.74,5.51,5.18,0.71,7.52,3.22,3.4,42.82,1.03
133,14.0,SVAS BIOSANA S.P.A.,SVS,IT0005469264,NA0393065,2019,NaN,1.12,0.71,0.56,1.22,3.13,4.22,5.55,3.28,0.61,8.92,3.52,3.09,39.44,0.69
134,14.0,SVAS BIOSANA S.P.A.,SVS,IT0005469264,NA0393065,2018,NaN,1.07,0.69,0.57,1.21,3.26,4.48,5.65,3.25,0.58,7.75,3.14,3.49,40.52,0.67
135,14.0,SVAS BIOSANA S.P.A.,SVS,IT0005469264,NA0393065,2017,NaN,0.89,0.6,0.52,1.02,3.28,4.58,6.21,4.61,0.58,6.76,3.04,3.9,44.95,0.8
136,14.0,SVAS BIOSANA S.P.A.,SVS,IT0005469264,NA0393065,2016,NaN,0.94,0.65,0.57,1.18,2.86,4.22,4.96,2.62,0.58,7.0,3.26,3.12,46.62,0.86
137,14.0,SVAS BIOSANA S.P.A.,SVS,IT0005469264,NA0393065,2015,NaN,0.87,0.6,0.59,1.27,4.08,6.97,6.82,1.52,0.57,10.72,3.43,3.17,32.01,0.54
138,14.0,SVAS BIOSANA S.P.A.,SVS,IT0005469264,NA0393065,2014,NaN,0.92,0.62,0.62,1.16,4.43,7.06,6.95,1.62,0.67,9.56,3.66,2.92,38.22,0.8
139,14.0,SVAS BIOSANA S.P.A.,SVS,IT0005469264,NA0393065,2013,NaN,0.92,0.59,0.57,1.09,4.35,6.89,7.43,1.44,0.66,11.1,4.2,2.51,37.81,0.76
140,15.0,STAR7 S.P.A.,STAR7,IT0005466195,AL0208355,2022,8.739999771118164,1.69,1.68,0.56,1.07,3.22,4.02,5.69,15.17,0.05,8.5,3.31,3.09,38.92,0.9
141,15.0,STAR7 S.P.A.,STAR7,IT0005466195,AL0208355,2021,9.630000114440918,1.96,1.96,0.48,0.92,1.42,1.79,2.93,3.39,0.03,2.38,1.1,6.74,46.21,1.18
142,15.0,STAR7 S.P.A.,STAR7,IT0005466195,AL0208355,2020,NaN,1.9,1.9,0.89,1.12,3.47,5.17,3.84,11.49,0.07,1.12,0.54,11.18,48.5,1.9
143,15.0,STAR7 S.P.A.,STAR7,IT0005466195,AL0208355,2019,NaN,1.26,1.26,1.13,1.37,5.87,8.28,5.01,17.02,0.12,0.87,0.36,18.33,41.32,2.15
144,15.0,STAR7 S.P.A.,STAR7,IT0005466195,AL0208355,2018,NaN,1.25,1.24,1.26,1.56,6.61,12.19,5.15,24.02,0.1,0.88,0.2,35.38,22.32,1.12
145,15.0,STAR7 S.P.A.,STAR7,IT0005466195,AL0208355,2017,NaN,1.33,1.32,1.28,1.47,10.0,16.56,7.59,33.54,0.09,1.08,0.28,30.72,26.11,1.32
146,15.0,STAR7 S.P.A.,STAR7,IT0005466195,AL0208355,2016,NaN,1.31,1.29,1.61,1.96,10.14,21.01,6.26,23.68,0.12,2.63,0.33,22.76,12.38,0.72
147,15.0,STAR7 S.P.A.,STAR7,IT0005466195,AL0208355,2015,NaN,1.29,1.28,1.64,1.98,11.77,22.27,7.16,22.24,0.12,3.21,0.46,18.67,14.18,1.02
148,15.0,STAR7 S.P.A.,STAR7,IT0005466195,AL0208355,2014,NaN,1.35,1.32,1.76,2.21,10.91,24.39,6.19,18.49,0.15,8.75,0.66,12.87,7.59,0.71
149,15.0,STAR7 S.P.A.,STAR7,IT0005466195,AL0208355,2013,NaN,1.43,1.41,1.73,2.05,10.12,29.55,5.82,20.29,0.17,8.44,0.51,15.15,6.05,0.47
150,16.0,SCIUKER FRAMES S.P.A.,SCK,IT0005340051,AV0139557,2022,7.639999866485596,1.79,1.59,0.47,0.68,10.82,17.04,22.44,22.11,0.73,3.46,1.61,16.82,46.44,1.06
151,16.0,SCIUKER FRAMES S.P.A.,SCK,IT0005340051,AV0139557,2021,10.550000190734863,2.85,2.4,0.53,0.84,15.83,20.99,29.44,21.12,0.47,6.95,1.36,26.96,19.63,0.48
152,16.0,SCIUKER FRAMES S.P.A.,SCK,IT0005340051,AV0139557,2020,3.049999952316284,2.05,1.45,0.4,0.75,3.58,4.7,8.57,2.18,1.36,9.68,5.21,3.88,53.86,1.42
153,16.0,SCIUKER FRAMES S.P.A.,SCK,IT0005340051,AV0139557,2019,1.1699999570846558,1.44,0.83,0.41,0.82,3.75,5.29,8.73,1.57,1.24,6.69,3.37,5.05,50.37,1.09
154,16.0,SCIUKER FRAMES S.P.A.,SCK,IT0005340051,AV0139557,2018,0.7300000190734863,1.46,0.96,0.39,0.69,6.46,9.99,14.16,10.14,1.02,9.44,2.77,8.33,29.33,0.8
155,16.0,SCIUKER FRAMES S.P.A.,SCK,IT0005340051,AV0139557,2017,NaN,0.98,0.61,0.49,1.08,6.25,11.02,11.79,17.13,2.8,7.53,2.51,8.89,33.31,2.23
156,16.0,SCIUKER FRAMES S.P.A.,SCK,IT0005340051,AV0139557,2016,NaN,1.08,0.65,0.82,1.37,4.81,11.43,5.71,9.15,0.8,7.14,1.74,6.58,24.29,1.0
157,16.0,SCIUKER FRAMES S.P.A.,SCK,IT0005340051,AV0139557,2015,NaN,1.01,0.73,0.87,1.48,6.35,18.02,6.84,13.75,0.78,9.49,1.53,7.82,16.16,0.74
158,16.0,SCIUKER FRAMES S.P.A.,SCK,IT0005340051,AV0139557,2014,NaN,0.88,0.66,0.88,1.67,4.92,17.92,5.17,10.85,1.66,16.92,1.61,6.92,9.51,0.49
159,16.0,SCIUKER FRAMES S.P.A.,SCK,IT0005340051,AV0139557,2013,NaN,0.89,0.67,0.94,1.7,6.99,26.92,7.12,19.35,1.97,11.1,0.9,10.69,8.11,0.47
160,17.0,MARZOCCHI POMPE S.P.A.,MARP,IT0004376858,BO0422251,2022,4.079999923706055,2.04,1.15,1.01,1.58,5.69,8.04,5.5,10.9,0.63,2.73,0.73,15.93,26.87,0.69
161,17.0,MARZOCCHI POMPE S.P.A.,MARP,IT0004376858,BO0422251,2021,4.699999809265137,1.81,1.04,0.91,1.49,3.82,5.68,4.11,6.27,0.77,2.13,0.59,19.93,27.85,0.67
162,17.0,MARZOCCHI POMPE S.P.A.,MARP,IT0004376858,BO0422251,2020,2.799999952316284,2.14,1.45,0.79,1.41,-3.88,-5.35,-4.79,-0.3,0.91,2.03,0.8,6.53,39.53,0.79
163,17.0,MARZOCCHI POMPE S.P.A.,MARP,IT0004376858,BO0422251,2019,4.519999980926514,1.96,1.23,0.91,1.81,0.42,0.6,0.45,-1.41,1.02,6.48,2.09,4.41,32.25,0.73
164,17.0,MARZOCCHI POMPE S.P.A.,MARP,IT0004376858,BO0422251,2018,NaN,1.69,1.01,0.93,1.81,6.89,10.19,7.19,24.15,1.91,2.44,1.15,13.47,47.09,2.01
165,17.0,MARZOCCHI POMPE S.P.A.,MARP,IT0004376858,BO0422251,2017,NaN,1.67,0.97,1.05,2.0,6.44,10.55,6.05,12.62,1.17,3.03,0.74,19.24,24.25,0.74
166,17.0,MARZOCCHI POMPE S.P.A.,MARP,IT0004376858,BO0422251,2016,NaN,1.45,0.88,0.91,1.92,4.0,6.77,4.24,9.58,1.37,2.99,0.82,12.75,27.42,0.79
167,17.0,MARZOCCHI POMPE S.P.A.,MARP,IT0004376858,BO0422251,2015,NaN,1.51,1.0,0.95,1.97,7.85,13.96,7.84,14.01,1.23,4.77,0.97,14.16,20.23,0.58
168,17.0,MARZOCCHI POMPE S.P.A.,MARP,IT0004376858,BO0422251,2014,NaN,1.14,0.76,0.94,2.23,4.08,6.42,4.1,5.17,1.43,4.63,1.35,7.04,29.27,0.89
169,17.0,MARZOCCHI POMPE S.P.A.,MARP,IT0004376858,BO0422251,2013,NaN,1.13,0.86,0.8,1.82,3.73,5.93,4.27,4.4,1.55,3.78,1.38,6.59,36.47,1.03
170,18.0,INTRED S.P.A.,ITD,IT0005337818,BS0366982,2022,14.399999618530273,0.82,0.81,0.36,1.26,9.64,15.77,26.39,18.07,1.22,0.83,0.52,82.23,63.2,0.61
171,18.0,INTRED S.P.A.,ITD,IT0005337818,BS0366982,2021,19.549999237060547,0.8,0.76,0.47,1.5,13.77,23.48,28.59,21.4,0.89,0.69,0.17,258.42,24.06,0.25
172,18.0,INTRED S.P.A.,ITD,IT0005337818,BS0366982,2020,10.5,1.12,1.12,0.61,2.42,14.0,20.99,22.33,18.92,0.76,1.24,0.22,175.82,17.59,0.2
173,18.0,INTRED S.P.A.,ITD,IT0005337818,BS0366982,2019,6.099999904632568,1.85,1.85,0.5,1.44,13.95,20.22,27.18,16.22,0.75,2.29,0.2,210.03,8.55,0.07
174,18.0,INTRED S.P.A.,ITD,IT0005337818,BS0366982,2018,3.0,2.02,2.02,0.47,1.21,11.46,16.29,23.43,14.17,0.75,2.48,0.42,89.56,17.13,0.14
175,18.0,INTRED S.P.A.,ITD,IT0005337818,BS0366982,2017,NaN,0.81,0.81,0.59,2.46,14.35,24.13,23.85,26.88,1.52,1.96,0.69,56.15,34.95,0.55
176,18.0,INTRED S.P.A.,ITD,IT0005337818,BS0366982,2016,NaN,0.85,0.85,0.56,2.14,11.53,21.0,19.97,23.69,1.71,1.79,0.66,51.7,36.92,0.63
177,18.0,INTRED S.P.A.,ITD,IT0005337818,BS0366982,2015,NaN,0.84,0.84,0.48,1.62,7.21,12.3,14.46,16.38,1.93,2.02,1.13,23.42,55.92,0.99
178,18.0,INTRED S.P.A.,ITD,IT0005337818,BS0366982,2014,NaN,1.41,1.41,0.56,1.27,4.34,7.09,7.8,8.63,1.33,1.86,0.98,19.2,52.68,0.92
179,18.0,INTRED S.P.A.,ITD,IT0005337818,BS0366982,2013,NaN,1.47,1.47,0.8,2.33,7.06,10.67,8.76,11.8,1.27,2.37,0.54,36.27,22.88,0.39
180,19.0,VIMI FASTENERS S.P.A.,VIM,IT0004717200,RE0231498,2022,1.1399999856948853,1.1,0.59,0.88,1.81,0.77,1.08,0.85,3.85,0.59,2.07,0.57,14.86,27.52,0.69
181,19.0,VIMI FASTENERS S.P.A.,VIM,IT0004717200,RE0231498,2021,1.590000033378601,1.31,0.76,0.79,1.68,0.05,0.07,0.06,1.99,0.66,1.91,0.59,15.47,31.13,0.75
182,19.0,VIMI FASTENERS S.P.A.,VIM,IT0004717200,RE0231498,2020,1.2000000476837158,1.68,1.1,0.59,1.3,-5.16,-6.65,-8.5,-8.71,0.75,1.83,0.99,3.9,53.92,1.02
183,19.0,VIMI FASTENERS S.P.A.,VIM,IT0004717200,RE0231498,2019,2.1500000953674316,1.26,0.85,0.69,1.49,-5.98,-7.93,-8.6,-9.51,0.78,1.54,0.65,2.3,42.24,0.94
184,19.0,VIMI FASTENERS S.P.A.,VIM,IT0004717200,RE0231498,2018,2.950000047683716,1.55,1.02,0.84,1.66,-0.26,-0.35,-0.3,-0.2,0.55,1.07,0.35,18.13,33.05,0.63
185,19.0,VIMI FASTENERS S.P.A.,VIM,IT0004717200,RE0231498,2017,NaN,1.26,0.91,1.13,1.63,5.82,9.86,5.09,12.05,0.82,0.96,0.2,58.56,20.95,0.68
186,19.0,VIMI FASTENERS S.P.A.,VIM,IT0004717200,RE0231498,2016,NaN,1.24,0.88,1.01,1.82,3.15,4.88,3.07,4.78,0.92,0.7,0.12,81.87,17.2,0.38
187,19.0,VIMI FASTENERS S.P.A.,VIM,IT0004717200,RE0231498,2015,NaN,1.29,0.93,1.01,1.92,0.53,0.79,0.52,0.11,1.01,1.03,0.21,32.29,20.24,0.44
188,19.0,VIMI FASTENERS S.P.A.,VIM,IT0004717200,RE0231498,2014,NaN,1.23,0.92,1.1,2.0,4.74,7.17,4.27,5.22,0.94,2.24,0.37,24.65,16.62,0.39
189,19.0,VIMI FASTENERS S.P.A.,VIM,IT0004717200,RE0231498,2013,NaN,1.31,0.96,1.03,1.83,5.86,8.89,5.65,7.17,0.95,2.6,0.5,20.53,19.39,0.44
190,20.0,MEDICA S.P.A.,MDC,IT0005460149,MO0229672,2022,25.25,1.14,0.95,0.48,1.25,6.37,10.02,12.25,10.04,0.1,1.5,0.54,30.35,36.36,0.42
191,20.0,MEDICA S.P.A.,MDC,IT0005460149,MO0229672,2021,38.099998474121094,1.69,1.47,0.52,0.84,3.23,5.46,6.22,6.42,0.18,1.78,0.4,27.23,22.65,0.25
192,20.0,MEDICA S.P.A.,MDC,IT0005460149,MO0229672,2020,NaN,1.03,0.89,0.75,1.41,4.6,10.58,6.13,11.51,0.57,1.44,0.43,23.42,29.9,1.07
193,20.0,MEDICA S.P.A.,MDC,IT0005460149,MO0229672,2019,NaN,0.8,0.59,0.79,2.15,3.58,6.74,4.46,10.74,0.7,1.71,0.62,14.32,36.22,1.21
194,20.0,MEDICA S.P.A.,MDC,IT0005460149,MO0229672,2018,NaN,0.82,0.61,0.8,2.34,5.93,10.98,7.19,17.56,0.88,1.83,0.7,14.79,38.57,1.43
195,20.0,MEDICA S.P.A.,MDC,IT0005460149,MO0229672,2017,NaN,0.76,0.57,0.79,2.36,1.72,3.13,2.12,2.82,1.23,1.75,0.79,6.6,45.0,1.98
196,20.0,MEDICA S.P.A.,MDC,IT0005460149,MO0229672,2016,NaN,0.94,0.49,0.75,1.59,2.03,3.34,2.65,5.68,0.62,1.96,1.07,5.06,54.43,2.18
197,20.0,MEDICA S.P.A.,MDC,IT0005460149,MO0229672,2015,NaN,0.92,0.59,0.78,1.48,3.86,6.2,4.9,11.95,0.34,1.68,0.9,8.6,53.59,2.1
198,20.0,MEDICA S.P.A.,MDC,IT0005460149,MO0229672,2014,NaN,1.04,0.74,0.8,1.51,1.27,2.6,1.55,2.43,0.33,4.15,1.51,3.04,36.38,1.56
199,20.0,MEDICA S.P.A.,MDC,IT0005460149,MO0229672,2013,NaN,1.01,0.76,0.83,1.51,3.06,6.07,3.5,6.86,0.4,4.87,1.65,3.85,33.86,1.74
200,21.0,I.L.P.R.A. S.P.A.,ILP,IT0005359101,MI0466339,2022,4.440000057220459,2.16,1.51,0.6,0.86,9.83,13.74,15.77,19.1,0.19,1.78,0.69,31.82,38.49,0.5
201,21.0,I.L.P.R.A. S.P.A.,ILP,IT0005359101,MI0466339,2021,4.519999980926514,2.28,1.7,0.63,0.92,9.78,13.54,14.64,18.53,0.22,1.71,0.66,30.82,38.49,0.55
202,21.0,I.L.P.R.A. S.P.A.,ILP,IT0005359101,MI0466339,2020,2.0399999618530273,2.18,1.4,0.53,0.86,6.62,9.19,12.08,11.7,0.29,2.53,1.22,16.28,48.37,0.58
203,21.0,I.L.P.R.A. S.P.A.,ILP,IT0005359101,MI0466339,2019,2.180000066757202,1.61,0.94,0.74,1.16,2.98,4.73,3.87,11.18,0.52,3.47,1.21,8.73,34.97,0.75
204,21.0,I.L.P.R.A. S.P.A.,ILP,IT0005359101,MI0466339,2018,NaN,1.25,0.68,0.82,1.21,8.85,19.58,10.46,38.49,1.1,7.13,2.04,7.67,28.65,1.3
205,21.0,I.L.P.R.A. S.P.A.,ILP,IT0005359101,MI0466339,2017,NaN,1.76,1.28,0.65,0.87,6.76,12.85,10.06,12.3,0.62,9.8,2.35,6.41,23.94,0.55
206,21.0,I.L.P.R.A. S.P.A.,ILP,IT0005359101,MI0466339,2016,NaN,1.5,1.04,0.58,0.89,5.6,9.91,9.01,4.88,0.68,10.69,3.17,4.44,29.65,0.64
207,21.0,I.L.P.R.A. S.P.A.,ILP,IT0005359101,MI0466339,2015,NaN,1.48,1.1,0.64,0.87,3.1,5.12,4.7,0.41,0.68,9.52,3.27,2.91,34.35,0.79
208,21.0,I.L.P.R.A. S.P.A.,ILP,IT0005359101,MI0466339,2014,NaN,1.58,1.21,0.63,0.86,3.0,4.68,4.57,0.34,0.72,9.25,3.59,2.31,38.84,0.89
209,21.0,I.L.P.R.A. S.P.A.,ILP,IT0005359101,MI0466339,2013,NaN,1.53,1.18,0.7,0.95,2.56,3.81,3.41,0.76,0.71,7.02,2.83,2.24,40.29,1.07
210,22.0,COFLE S.P.A.,CFL,IT0005465619,MI1145178,2022,12.640000343322754,2.98,2.45,0.57,0.9,0.68,0.84,1.13,10.34,0.08,1.75,0.44,9.19,25.17,0.29
211,22.0,COFLE S.P.A.,CFL,IT0005465619,MI1145178,2021,15.720000267028809,3.41,2.77,0.7,1.1,3.34,4.31,4.58,32.99,0.08,1.5,0.37,20.19,24.67,0.33
212,22.0,COFLE S.P.A.,CFL,IT0005465619,MI1145178,2020,NaN,1.74,1.19,0.82,1.52,1.21,1.8,1.43,37.05,0.15,1.36,0.52,7.23,37.81,0.94
213,22.0,COFLE S.P.A.,CFL,IT0005465619,MI1145178,2019,NaN,1.39,0.9,1.18,1.98,1.5,2.26,1.24,8.81,0.25,1.57,0.47,7.44,29.76,1.29
214,22.0,COFLE S.P.A.,CFL,IT0005465619,MI1145178,2018,NaN,1.38,0.88,1.42,2.05,7.39,12.19,5.04,19.96,0.3,1.9,0.41,17.52,21.51,1.25
215,22.0,COFLE S.P.A.,CFL,IT0005465619,MI1145178,2017,NaN,1.38,0.98,1.32,1.63,4.82,8.61,3.6,16.49,0.45,1.37,0.35,16.88,25.41,1.55
216,22.0,COFLE S.P.A.,CFL,IT0005465619,MI1145178,2016,NaN,1.43,0.94,1.38,1.74,4.55,7.15,3.24,12.06,0.51,1.53,0.46,12.72,29.86,1.94
217,22.0,COFLE S.P.A.,CFL,IT0005465619,MI1145178,2015,NaN,1.45,0.93,1.35,1.68,2.05,3.23,1.51,5.78,0.63,2.04,0.66,6.28,32.16,2.23
218,22.0,COFLE S.P.A.,CFL,IT0005465619,MI1145178,2014,NaN,1.47,0.96,1.4,1.75,3.7,5.9,2.63,6.2,0.63,3.34,0.97,5.35,29.22,1.96
219,22.0,COFLE S.P.A.,CFL,IT0005465619,MI1145178,2013,NaN,1.4,1.0,1.47,1.86,4.58,7.48,3.09,9.21,0.66,3.67,1.0,5.58,27.18,2.0
220,23.0,FRIULCHEM S.P.A.,FCM,IT0005378457,PN0056356,2022,1.1299999952316284,1.36,1.02,0.77,1.3,0.94,1.51,1.2,0.28,0.15,5.69,1.67,2.95,29.3,0.72
221,23.0,FRIULCHEM S.P.A.,FCM,IT0005378457,PN0056356,2021,1.2649999856948853,2.15,1.8,0.68,1.23,1.44,1.85,2.08,0.09,0.16,3.33,1.45,4.52,43.48,0.78
222,23.0,FRIULCHEM S.P.A.,FCM,IT0005378457,PN0056356,2020,1.2649999856948853,1.71,1.29,0.8,1.79,-1.48,-1.97,-1.82,-2.98,0.16,4.81,1.48,2.54,30.79,0.5
223,23.0,FRIULCHEM S.P.A.,FCM,IT0005378457,PN0056356,2019,1.6150000095367432,1.58,1.31,0.77,1.49,1.7,2.4,2.18,0.59,0.18,6.19,1.35,6.27,21.87,0.33
224,23.0,FRIULCHEM S.P.A.,FCM,IT0005378457,PN0056356,2018,NaN,1.07,0.73,0.99,2.15,4.0,6.18,3.98,3.66,0.34,7.82,1.97,5.04,25.23,0.7
225,23.0,FRIULCHEM S.P.A.,FCM,IT0005378457,PN0056356,2017,NaN,0.84,0.63,0.9,1.97,2.79,4.44,2.96,1.11,0.6,5.46,2.12,4.46,38.83,1.54
226,23.0,FRIULCHEM S.P.A.,FCM,IT0005378457,PN0056356,2016,NaN,0.71,0.56,0.91,2.04,2.59,4.14,2.82,0.32,0.6,6.45,2.42,3.5,37.56,1.59
227,23.0,FRIULCHEM S.P.A.,FCM,IT0005378457,PN0056356,2015,NaN,0.75,0.52,0.69,1.77,2.17,3.48,3.13,-0.37,0.66,7.58,3.4,3.07,44.84,1.4
228,23.0,FRIULCHEM S.P.A.,FCM,IT0005378457,PN0056356,2014,NaN,0.76,0.54,0.68,1.79,4.03,6.54,5.9,0.88,0.65,9.88,3.75,4.2,37.99,1.21
229,23.0,FRIULCHEM S.P.A.,FCM,IT0005378457,PN0056356,2013,NaN,0.62,0.44,0.65,1.97,-0.35,-0.56,-0.53,2.4,0.84,9.69,4.37,2.32,45.09,1.62
230,24.0,FERVI S.P.A.,FVI,IT0005325912,MO0184870,2022,15.550000190734863,3.08,1.7,0.57,1.1,6.54,7.89,11.18,7.48,0.01,0.7,0.15,86.94,21.32,0.18
231,24.0,FERVI S.P.A.,FVI,IT0005325912,MO0184870,2021,14.800000190734863,3.3,2.01,0.56,0.89,6.42,7.72,11.46,7.52,0.01,0.58,0.18,71.11,32.09,0.28
232,24.0,FERVI S.P.A.,FVI,IT0005325912,MO0184870,2020,12.300000190734863,6.46,4.7,0.51,0.66,7.47,8.59,14.59,8.79,0.01,0.32,0.13,140.46,38.98,0.3
233,24.0,FERVI S.P.A.,FVI,IT0005325912,MO0184870,2019,11.300000190734863,4.17,2.54,0.65,0.94,9.3,11.51,14.04,9.87,0.01,1.79,0.13,126.71,7.51,0.07
234,24.0,FERVI S.P.A.,FVI,IT0005325912,MO0184870,2018,11.090909004211426,5.12,3.42,0.67,0.84,10.22,12.43,15.02,9.94,0.01,0.62,0.08,231.17,12.68,0.12
235,24.0,FERVI S.P.A.,FVI,IT0005325912,MO0184870,2017,NaN,2.82,1.66,0.81,1.08,16.09,21.11,19.61,20.5,0.03,0.34,0.09,237.58,27.1,0.41
236,24.0,FERVI S.P.A.,FVI,IT0005325912,MO0184870,2016,NaN,3.21,1.85,0.86,1.1,15.19,19.98,17.57,31.08,0.06,0.98,0.2,95.68,20.76,0.56
237,24.0,FERVI S.P.A.,FVI,IT0005325912,MO0184870,2015,NaN,2.75,1.47,0.78,1.02,5.23,6.51,6.7,20.86,0.07,1.83,0.71,25.71,38.78,2.56
238,24.0,FERVI S.P.A.,FVI,IT0005325912,MO0184870,2014,NaN,2.19,1.21,0.65,0.89,5.73,7.2,8.85,25.84,0.09,1.68,0.95,22.98,56.4,3.7
239,24.0,FERVI S.P.A.,FVI,IT0005325912,MO0184870,2013,NaN,2.29,1.54,0.7,0.94,3.55,5.62,5.08,7.81,0.07,3.55,1.09,17.65,30.76,1.43
240,25.0,PLANETEL S.P.A.,PLT,IT0005430951,BG0326623,2022,NaN,1.16,1.11,0.43,1.83,2.68,3.68,5.98,4.37,1.2,2.52,1.37,18.76,54.57,0.58
241,25.0,PLANETEL S.P.A.,PLT,IT0005430951,BG0326623,2021,NaN,0.96,0.91,0.45,1.97,2.85,4.22,6.1,5.36,1.3,1.99,1.12,21.47,56.46,0.64
242,25.0,PLANETEL S.P.A.,PLT,IT0005430951,BG0326623,2020,NaN,2.35,2.32,0.35,0.8,1.93,2.63,5.37,7.82,1.12,1.51,1.35,17.09,89.41,0.78
243,25.0,PLANETEL S.P.A.,PLT,IT0005430951,BG0326623,2019,NaN,0.9,0.87,0.54,1.9,3.15,5.01,5.73,14.08,2.73,1.35,0.99,21.77,73.71,1.82
244,25.0,PLANETEL S.P.A.,PLT,IT0005430951,BG0326623,2018,NaN,0.67,0.64,0.65,2.5,3.1,5.11,4.61,14.82,2.37,0.85,0.42,46.7,49.36,1.21
245,25.0,PLANETEL S.P.A.,PLT,IT0005430951,BG0326623,2017,NaN,0.67,0.65,0.63,1.94,4.05,6.82,6.17,16.01,2.02,0.6,0.29,67.42,48.99,1.18
246,25.0,PLANETEL S.P.A.,PLT,IT0005430951,BG0326623,2016,NaN,1.32,1.27,1.02,2.17,4.81,7.8,4.55,12.13,0.79,1.15,0.22,71.32,19.47,0.5
247,25.0,PLANETEL S.P.A.,PLT,IT0005430951,BG0326623,2015,NaN,1.64,1.57,1.03,2.02,1.0,1.52,0.94,8.92,0.66,0.47,0.11,118.75,23.81,0.63
248,25.0,PLANETEL S.P.A.,PLT,IT0005430951,BG0326623,2014,NaN,1.44,1.42,1.38,2.96,1.97,3.47,1.39,6.66,0.61,2.64,0.14,94.14,5.21,0.15
249,25.0,PLANETEL S.P.A.,PLT,IT0005430951,BG0326623,2013,NaN,1.2,1.18,1.46,3.06,14.83,29.43,9.78,23.65,0.69,4.79,0.08,236.16,1.69,0.05
250,26.0,LINDBERGH S.P.A.,LDB,IT0005469272,CR0181500,2022,1.8760000467300415,1.23,1.19,0.89,2.27,8.75,13.35,9.64,13.6,0.37,7.06,1.43,9.99,20.29,0.39
251,26.0,LINDBERGH S.P.A.,LDB,IT0005469272,CR0181500,2021,2.2149999141693115,2.03,2.0,0.9,1.3,9.69,13.36,10.74,16.01,0.25,1.07,0.29,49.65,27.63,0.52
252,26.0,LINDBERGH S.P.A.,LDB,IT0005469272,CR0181500,2020,NaN,1.78,1.75,1.49,2.37,18.03,29.8,12.0,54.59,0.82,1.7,0.41,34.59,24.25,1.51
253,26.0,LINDBERGH S.P.A.,LDB,IT0005469272,CR0181500,2019,NaN,1.32,1.32,1.52,2.32,15.57,27.24,10.11,46.55,1.1,1.74,0.39,32.56,22.43,1.53
254,26.0,LINDBERGH S.P.A.,LDB,IT0005469272,CR0181500,2018,NaN,1.13,1.12,1.49,2.63,17.2,28.77,11.42,51.53,1.32,2.1,0.51,29.36,24.22,1.57
255,26.0,LINDBERGH S.P.A.,LDB,IT0005469272,CR0181500,2017,NaN,1.02,1.02,1.45,2.65,13.09,21.95,8.82,46.92,1.49,2.47,0.68,17.77,27.5,2.17
256,26.0,LINDBERGH S.P.A.,LDB,IT0005469272,CR0181500,2016,NaN,0.91,0.91,1.39,2.72,8.57,13.85,6.02,33.02,2.05,2.48,0.81,12.12,32.82,3.08
257,26.0,LINDBERGH S.P.A.,LDB,IT0005469272,CR0181500,2015,NaN,1.15,1.13,1.48,3.6,6.34,9.52,4.27,32.2,2.32,2.82,0.92,9.71,32.5,2.64
258,26.0,LINDBERGH S.P.A.,LDB,IT0005469272,CR0181500,2014,NaN,0.82,0.82,1.54,3.73,7.03,11.84,4.55,21.17,2.96,3.36,0.96,8.24,28.64,2.92
259,26.0,LINDBERGH S.P.A.,LDB,IT0005469272,CR0181500,2013,NaN,1.03,1.03,1.33,3.5,8.89,14.98,6.61,26.02,2.69,4.3,1.23,9.28,28.58,1.84
260,27.0,FOS S.P.A.,FOS,IT0005388217,MI1592286,2022,3.359999895095825,1.95,1.95,0.37,0.67,2.0,2.98,4.95,8.34,0.02,1.6,1.0,17.45,62.79,0.61
261,27.0,FOS S.P.A.,FOS,IT0005388217,MI1592286,2021,3.859999895095825,2.38,2.38,0.44,0.69,0.82,1.22,1.68,5.88,0.03,2.0,0.9,18.54,44.96,0.48
262,27.0,FOS S.P.A.,FOS,IT0005388217,MI1592286,2020,2.4800000190734863,2.72,2.72,0.39,0.64,2.29,3.31,5.21,7.74,0.01,3.46,1.92,11.16,55.43,0.54
263,27.0,FOS S.P.A.,FOS,IT0005388217,MI1592286,2019,3.134999990463257,2.14,2.14,0.36,0.56,1.21,1.81,2.98,4.67,0.01,3.72,1.81,10.6,48.55,0.42
264,27.0,FOS S.P.A.,FOS,IT0005388217,MI1592286,2018,NaN,1.04,1.03,0.54,1.39,0.2,0.32,0.33,2.1,0.06,2.48,1.91,5.85,77.17,3.01
265,27.0,FOS S.P.A.,FOS,IT0005388217,MI1592286,2017,NaN,1.43,1.43,0.75,1.22,4.8,8.09,6.22,6.55,0.04,5.8,2.03,5.75,34.99,0.87
266,27.0,FOS S.P.A.,FOS,IT0005388217,MI1592286,2016,NaN,1.68,1.68,0.57,0.73,6.39,9.53,9.95,17.98,0.06,4.69,2.67,4.89,57.05,1.51
267,27.0,FOS S.P.A.,FOS,IT0005388217,MI1592286,2015,NaN,1.62,1.62,0.62,0.77,5.88,8.77,7.68,3.46,0.07,4.11,2.27,5.9,55.31,2.02
268,27.0,FOS S.P.A.,FOS,IT0005388217,MI1592286,2014,NaN,1.34,1.34,0.67,0.88,6.77,12.39,8.33,2.46,0.09,7.86,3.04,4.95,38.73,1.97
269,27.0,FOS S.P.A.,FOS,IT0005388217,MI1592286,2013,NaN,1.32,1.32,0.63,0.86,4.53,7.72,5.85,1.19,0.11,7.67,3.43,4.79,44.68,2.32
270,28.0,BASIC NET S.P.A.,BAN,IT0001033700,TO0631153,2022,5.46999979019165,2.51,2.51,0.01,0.05,2.12,2.35,10.02,7.6,0.06,4.1,1.07,19.89,26.23,0.12
271,28.0,BASIC NET S.P.A.,BAN,IT0001033700,TO0631153,2021,6.139999866485596,2.34,2.33,0.01,0.03,2.9,3.31,14.93,44.4,0.08,1.86,1.1,23.3,59.19,0.22
272,28.0,BASIC NET S.P.A.,BAN,IT0001033700,TO0631153,2020,4.300000190734863,2.66,2.65,0.02,0.04,2.57,2.9,9.21,5.19,0.14,1.56,1.24,23.41,79.85,0.48
273,28.0,BASIC NET S.P.A.,BAN,IT0001033700,TO0631153,2019,5.300000190734863,2.78,2.77,0.03,0.05,8.06,9.39,24.59,15.21,0.13,1.4,0.68,48.79,48.79,0.35
274,28.0,BASIC NET S.P.A.,BAN,IT0001033700,TO0631153,2018,4.449999809265137,3.32,3.31,0.03,0.05,8.07,9.27,24.91,14.12,0.03,1.69,1.06,29.05,62.56,0.3
275,28.0,BASIC NET S.P.A.,BAN,IT0001033700,TO0631153,2017,3.759999990463257,3.34,3.31,0.02,0.04,6.48,7.48,22.97,5.28,0.03,1.42,1.13,25.64,79.55,0.35
276,28.0,BASIC NET S.P.A.,BAN,IT0001033700,TO0631153,2016,3.322000026702881,2.39,2.37,0.02,0.03,6.51,8.08,24.26,8.55,0.02,2.01,1.26,25.0,62.68,0.27
277,28.0,BASIC NET S.P.A.,BAN,IT0001033700,TO0631153,2015,4.3420000076293945,2.55,2.53,0.02,0.03,7.92,9.94,29.06,13.71,0.02,3.1,1.53,23.1,49.29,0.2
278,28.0,BASIC NET S.P.A.,BAN,IT0001033700,TO0631153,2014,2.26200008392334,2.23,2.21,0.02,0.03,7.2,9.28,25.64,12.34,0.02,9.1,2.33,13.82,25.64,0.1
279,28.0,BASIC NET S.P.A.,BAN,IT0001033700,TO0631153,2013,2.4260001182556152,1.93,1.91,0.01,0.02,6.01,7.79,22.94,5.83,0.02,8.35,3.55,8.35,42.59,0.17
