"ID";"Ragione sociale";"Ticker symbol";"ISIN number";"Numero CCIAA";"Indice corrente
2022";"Indice corrente
2021";"Indice corrente
2020";"Indice corrente
2019";"Indice corrente
2018";"Indice corrente
2017";"Indice corrente
2016";"Indice corrente
2015";"Indice corrente
2014";"Indice corrente
2013";"Indice di liquidità
2022";"Indice di liquidità
2021";"Indice di liquidità
2020";"Indice di liquidità
2019";"Indice di liquidità
2018";"Indice di liquidità
2017";"Indice di liquidità
2016";"Indice di liquidità
2015";"Indice di liquidità
2014";"Indice di liquidità
2013";"Rotaz. cap. investito (volte)
2022";"Rotaz. cap. investito (volte)
2021";"Rotaz. cap. investito (volte)
2020";"Rotaz. cap. investito (volte)
2019";"Rotaz. cap. investito (volte)
2018";"Rotaz. cap. investito (volte)
2017";"Rotaz. cap. investito (volte)
2016";"Rotaz. cap. investito (volte)
2015";"Rotaz. cap. investito (volte)
2014";"Rotaz. cap. investito (volte)
2013";"Rotaz. cap. cir. lordo (volte)
2022";"Rotaz. cap. cir. lordo (volte)
2021";"Rotaz. cap. cir. lordo (volte)
2020";"Rotaz. cap. cir. lordo (volte)
2019";"Rotaz. cap. cir. lordo (volte)
2018";"Rotaz. cap. cir. lordo (volte)
2017";"Rotaz. cap. cir. lordo (volte)
2016";"Rotaz. cap. cir. lordo (volte)
2015";"Rotaz. cap. cir. lordo (volte)
2014";"Rotaz. cap. cir. lordo (volte)
2013";"Redditività del totale attivo (ROA)
%
2022";"Redditività del totale attivo (ROA)
%
2021";"Redditività del totale attivo (ROA)
%
2020";"Redditività del totale attivo (ROA)
%
2019";"Redditività del totale attivo (ROA)
%
2018";"Redditività del totale attivo (ROA)
%
2017";"Redditività del totale attivo (ROA)
%
2016";"Redditività del totale attivo (ROA)
%
2015";"Redditività del totale attivo (ROA) (%)
%
2014";"Redditività del totale attivo (ROA) (%)
%
2013";"Redditività di tutto il capitale investito (ROI) (%)
%
2022";"Redditività di tutto il capitale investito (ROI) (%)
%
2021";"Redditività di tutto il capitale investito (ROI) (%)
%
2020";"Redditività di tutto il capitale investito (ROI) (%)
%
2019";"Redditività di tutto il capitale investito (ROI) (%)
%
2018";"Redditività di tutto il capitale investito (ROI) (%)
%
2017";"Redditività di tutto il capitale investito (ROI) (%)
%
2016";"Redditività di tutto il capitale investito (ROI) (%)
%
2015";"Redditività di tutto il capitale investito (ROI) (%)
%
2014";"Redditività di tutto il capitale investito (ROI) (%)
%
2013";"Redditività delle vendite (ROS) (%)
%
2022";"Redditività delle vendite (ROS) (%)
%
2021";"Redditività delle vendite (ROS) (%)
%
2020";"Redditività delle vendite (ROS) (%)
%
2019";"Redditività delle vendite (ROS) (%)
%
2018";"Redditività delle vendite (ROS) (%)
%
2017";"Redditività delle vendite (ROS) (%)
%
2016";"Redditività delle vendite (ROS) (%)
%
2015";"Redditività delle vendite (ROS) (%)
%
2014";"Redditività delle vendite (ROS) (%)
%
2013";"Redditività del capitale proprio (ROE) (%)
%
2022";"Redditività del capitale proprio (ROE) (%)
%
2021";"Redditività del capitale proprio (ROE) (%)
%
2020";"Redditività del capitale proprio (ROE) (%)
%
2019";"Redditività del capitale proprio (ROE) (%)
%
2018";"Redditività del capitale proprio (ROE) (%)
%
2017";"Redditività del capitale proprio (ROE) (%)
%
2016";"Redditività del capitale proprio (ROE) (%)
%
2015";"Redditività del capitale proprio (ROE) (%)
%
2014";"Redditività del capitale proprio (ROE) (%)
%
2013";"Indice di copertura delle immob. (patrimoniale)
%
2022";"Indice di copertura delle immob. (patrimoniale)
%
2021";"Indice di copertura delle immob. (patrimoniale)
%
2020";"Indice di copertura delle immob. (patrimoniale)
%
2019";"Indice di copertura delle immob. (patrimoniale)
%
2018";"Indice di copertura delle immob. (patrimoniale)
%
2017";"Indice di copertura delle immob. (patrimoniale)
%
2016";"Indice di copertura delle immob. (patrimoniale)
%
2015";"Indice di copertura delle immob. (patrimoniale)
%
2014";"Indice di copertura delle immob. (patrimoniale)
%
2013";"Costo denaro a prestito (%)
%
2022";"Costo denaro a prestito (%)
%
2021";"Costo denaro a prestito (%)
%
2020";"Costo denaro a prestito (%)
%
2019";"Costo denaro a prestito (%)
%
2018";"Costo denaro a prestito (%)
%
2017";"Costo denaro a prestito (%)
%
2016";"Costo denaro a prestito (%)
%
2015";"Costo denaro a prestito (%)
%
2014";"Costo denaro a prestito (%)
%
2013";"Oneri finanz. su fatt. (%)
%
2022";"Oneri finanz. su fatt. (%)
%
2021";"Oneri finanz. su fatt. (%)
%
2020";"Oneri finanz. su fatt. (%)
%
2019";"Oneri finanz. su fatt. (%)
%
2018";"Oneri finanz. su fatt. (%)
%
2017";"Oneri finanz. su fatt. (%)
%
2016";"Oneri finanz. su fatt. (%)
%
2015";"Oneri finanz. su fatt. (%)
%
2014";"Oneri finanz. su fatt. (%)
%
2013";"Grado di copertura degli interessi passivi
%
2022";"Grado di copertura degli interessi passivi
%
2021";"Grado di copertura degli interessi passivi
%
2020";"Grado di copertura degli interessi passivi
%
2019";"Grado di copertura degli interessi passivi
%
2018";"Grado di copertura degli interessi passivi
%
2017";"Grado di copertura degli interessi passivi
%
2016";"Grado di copertura degli interessi passivi
%
2015";"Grado di copertura degli interessi passivi
%
2014";"Grado di copertura degli interessi passivi
%
2013";"Debiti v/banche su fatt. (%)
%
2022";"Debiti v/banche su fatt. (%)
%
2021";"Debiti v/banche su fatt. (%)
%
2020";"Debiti v/banche su fatt. (%)
%
2019";"Debiti v/banche su fatt. (%)
%
2018";"Debiti v/banche su fatt. (%)
%
2017";"Debiti v/banche su fatt. (%)
%
2016";"Debiti v/banche su fatt. (%)
%
2015";"Debiti v/banche su fatt. (%)
%
2014";"Debiti v/banche su fatt. (%)
%
2013";"Debt/Equity ratio
%
2022";"Debt/Equity ratio
%
2021";"Debt/Equity ratio
%
2020";"Debt/Equity ratio
%
2019";"Debt/Equity ratio
%
2018";"Debt/Equity ratio
%
2017";"Debt/Equity ratio
%
2016";"Debt/Equity ratio
%
2015";"Debt/Equity ratio
%
2014";"Debt/Equity ratio
%
2013"
"1.";"MARR S.P.A.";"MARR";"IT0003428445";"RN0276618";1,58;1,57;1,70;1,46;1,67;1,57;1,52;1,77;1,39;1,69;1,18;1,20;1,38;1,16;1,34;1,26;1,21;1,46;1,12;1,41;1,55;1,17;0,98;1,46;1,54;1,57;1,52;1,63;1,70;1,60;2,21;1,66;1,40;2,04;2,06;2,12;2,09;2,14;2,28;2,14;3,44;4,61;0,09;8,84;9,37;9,16;9,04;9,88;10,42;9,33;5,34;7,26;0,12;13,31;14,36;14,49;14,37;15,71;17,22;15,29;2,22;3,83;0,09;5,88;5,92;5,71;5,77;5,91;5,98;5,71;7,77;9,50;-1,25;19,42;20,32;21,25;19,89;21,17;20,88;19,63;0,45;0,42;0,37;0,33;0,20;0,22;0,23;0,23;0,25;0,26;3,79;4,31;1,60;2,15;1,87;2,31;3,24;4,14;6,07;5,27;0,50;0,68;0,57;0,40;0,35;0,39;0,52;0,64;0,81;0,81;8,11;8,88;5,90;19,02;20,30;17,32;13,27;10,92;8,72;8,31;13,25;15,76;35,37;18,59;18,72;17,07;15,94;15,46;13,30;15,47;0,95;0,86;1,29;1,04;0,94;0,92;0,89;0,80;0,71;0,82
"2.";"PIAGGIO & C. S.P.A.";"PIA";"IT0003073266";"PI0134077";0,98;0,95;0,79;0,83;0,97;0,87;1,00;1,07;1,05;0,88;0,60;0,63;0,54;0,49;0,53;0,47;0,63;0,62;0,61;0,49;0,82;0,74;0,62;0,66;0,63;0,68;0,61;0,61;0,57;0,60;2,00;1,98;2,01;2,24;2,15;2,36;1,92;2,00;1,77;2,00;4,38;3,94;2,11;1,26;0,92;0,34;-0,77;-0,90;0,29;-0,67;7,41;6,32;3,13;1,85;1,33;0,50;-1,11;-1,28;0,42;-0,98;4,90;4,91;3,12;1,73;1,34;0,46;-1,15;-1,34;0,45;-1,01;21,64;17,40;12,28;14,94;11,21;6,63;4,39;4,70;4,50;-0,52;0,52;0,57;0,62;0,57;0,53;0,55;0,58;0,59;0,60;0,64;7,25;13,33;6,71;7,90;10,55;19,33;9,59;11,85;15,57;10,96;1,62;3,85;2,23;2,18;2,90;3,77;2,97;3,10;4,06;3,65;7,47;3,27;5,51;5,31;3,87;2,85;2,79;2,63;2,24;2,05;22,36;28,91;33,15;27,62;27,53;19,48;30,92;26,14;26,10;33,32;0,96;1,12;1,09;0,91;0,82;0,64;0,92;0,78;0,74;0,95
"3.";"BREMBO S.P.A.";"BRE";"IT0005252728";"BG0134667";1,55;1,64;1,99;1,32;1,14;1,65;1,27;1,21;1,28;1,06;1,23;1,38;1,70;1,04;0,91;1,29;0,92;0,89;0,97;0,75;0,58;0,50;0,44;0,72;0,78;0,81;0,92;0,96;0,87;0,83;1,26;1,10;0,89;1,63;1,60;1,73;2,18;2,08;1,84;1,84;5,35;4,34;2,04;7,92;10,90;9,42;11,70;9,50;5,95;3,78;7,13;5,68;2,63;10,92;17,20;13,46;16,46;14,81;9,40;6,47;8,73;8,37;4,42;10,39;13,23;11,12;12,19;9,50;6,58;4,34;19,12;13,04;11,72;29,00;21,85;31,17;35,06;33,38;26,73;18,57;0,32;0,32;0,38;0,46;0,35;0,34;0,34;0,39;0,47;0,53;1,71;1,08;1,59;2,03;2,65;1,19;1,56;2,93;3,62;4,38;0,81;0,65;1,18;0,52;0,68;0,38;0,46;0,76;1,24;1,42;17,58;22,10;10,07;30,83;26,38;40,43;35,65;18,17;9,34;7,16;47,33;60,26;74,30;25,64;25,50;31,72;29,26;25,86;34,30;32,37;0,76;0,84;0,98;0,55;0,50;0,63;0,66;0,69;1,01;1,00
"4.";"DANIELI & C. OFFICINE MECCANICHE S.P.A. IN FORMA ABBREVIATA ANCHE DANIELI & C. S.P.A.";"DAN";"IT0000076502";"UD0084904";0,80;0,82;0,84;0,84;0,82;0,65;0,89;0,80;0,67;0,72;0,63;0,63;0,64;0,60;0,57;0,49;0,72;0,58;0,45;0,46;0,30;0,62;0,27;0,32;0,46;0,37;0,68;0,42;0,50;0,45;0,57;1,27;0,55;0,69;1,13;0,86;1,37;0,93;1,10;0,88;-0,54;-0,13;-0,05;0,33;0,03;0,81;0,12;0,47;0,12;0,14;-1,26;-0,23;-0,08;0,66;0,06;1,91;0,28;1,19;0,42;0,57;-1,74;-0,21;-0,16;0,98;0,07;2,11;0,17;1,08;0,25;0,30;3,60;0,36;-0,34;0,02;24,21;2,07;0,49;19,02;21,27;14,04;0,09;0,09;0,08;0,07;0,07;0,10;0,10;0,11;0,13;0,16;6,35;0,19;1,11;4,33;3,69;1,08;1,42;2,36;7,89;8,53;2,64;0,07;0,91;1,95;1,10;0,40;0,29;0,50;0,68;0,86;0,58;14,95;2,09;2,11;1,85;10,60;5,13;6,21;2,78;1,83;41,57;38,37;81,98;45,02;29,85;37,22;20,13;21,33;8,59;10,12;0,45;0,76;0,73;0,43;0,37;0,51;0,51;0,31;0,18;0,25
"5.";"BRUNELLO CUCINELLI S.P.A.";"BC";"IT0004764699";"PG0165936";1,53;1,58;1,21;1,81;1,92;2,15;2,18;2,17;2,10;1,87;1,04;0,99;0,77;1,12;1,16;1,24;1,24;1,26;1,30;1,15;0,73;0,67;0,61;0,73;0,83;0,84;0,87;0,87;0,90;0,99;1,47;1,57;1,33;1,33;1,47;1,45;1,40;1,37;1,30;1,43;17,33;9,74;2,97;12,89;14,38;13,72;14,62;16,11;16,70;17,80;22,59;12,42;3,81;15,82;18,05;16,92;18,28;20,72;21,48;24,94;22,33;14,05;4,86;17,59;17,18;16,24;16,69;18,38;18,39;17,75;21,96;16,56;-8,28;17,05;17,39;17,75;16,46;19,44;21,66;21,58;0,37;0,38;0,43;0,40;0,25;0,28;0,32;0,31;0,32;0,29;4,23;4,52;4,71;3,62;2,08;2,12;4,80;4,41;3,54;4,79;0,78;1,10;1,84;0,83;0,40;0,44;1,00;1,06;0,90;0,83;33,70;16,89;5,75;26,53;49,72;43,89;19,62;19,73;22,79;24,02;18,36;24,29;39,10;22,96;19,22;20,81;20,79;24,06;25,56;17,33;0,44;0,48;0,72;0,48;0,27;0,29;0,33;0,42;0,48;0,33
"6.";"CENTRALE DEL LATTE D'ITALIA S.P.A.";"CLI";"IT0003023980";"TO0520409";0,90;0,95;0,99;0,97;1,30;1,64;1,13;1,35;1,20;1,21;0,68;0,79;0,87;0,87;1,18;1,54;1,04;1,24;1,11;1,12;1,23;1,06;0,77;0,61;0,64;0,64;0,71;0,91;1,01;0,97;2,96;2,41;2,06;2,33;2,22;1,73;2,42;2,40;2,93;2,84;0,96;1,93;3,18;-1,73;0,27;0,25;-0,43;2,24;2,81;1,94;1,66;3,45;4,38;-2,18;0,35;0,32;-0,57;3,15;4,10;2,79;0,77;1,78;4,06;-2,81;0,42;0,39;-0,61;2,45;2,77;1,98;0,24;3,63;6,76;-5,16;0,71;0,30;18,89;2,71;3,27;2,70;1,95;2,01;2,03;0,49;0,40;0,28;0,24;0,37;0,36;0,37;3,05;2,73;2,13;3,60;4,26;1,57;1,80;2,27;4,91;2,74;0,64;0,71;1,15;1,00;0,74;0,30;0,33;0,41;0,54;0,37;9,73;10,77;8,68;1,95;4,19;10,29;6,92;12,81;9,85;14,26;20,97;26,07;53,89;27,84;17,38;19,09;18,21;18,20;10,94;13,35;1,26;1,36;1,78;0,36;0,21;0,23;0,20;0,31;0,20;0,23
"7.";"ELICA S.P.A.";"ELC";"IT0003404214";"AN0063006";1,16;1,10;1,41;1,12;1,09;1,03;1,06;1,01;0,92;0,96;0,92;0,97;1,14;0,83;0,81;0,81;0,87;0,80;0,72;0,75;0,93;0,97;0,95;1,20;1,21;1,14;0,99;0,97;0,96;0,95;1,95;1,78;1,65;2,60;2,49;2,19;1,87;2,11;2,21;2,16;6,55;2,83;-0,91;-0,37;-3,05;-0,09;-1,40;1,13;-0,27;-1,74;10,76;5,84;-1,65;-0,66;-5,41;-0,17;-2,35;1,81;-0,41;-2,75;6,76;2,91;-0,95;-0,31;-2,51;-0,08;-1,40;1,15;-0,27;-1,81;14,59;10,69;-3,71;-1,67;0,62;-25,69;-5,85;5,60;4,38;-1,57;0,22;0,28;0,56;0,60;0,55;0,54;0,40;0,36;0,38;0,38;2,92;2,13;2,68;3,82;3,15;3,52;5,99;4,91;5,37;4,59;0,80;0,55;0,83;0,79;0,72;0,89;1,50;1,25;1,49;1,28;12,24;12,80;5,40;5,33;4,99;3,56;1,17;3,38;1,70;0,79;27,38;25,69;31,06;20,58;22,73;25,21;25,12;25,38;27,70;27,93;0,82;1,13;1,30;0,92;0,96;1,07;0,75;0,72;0,75;0,74
"8.";"GPI S.P.A.";"GPI";"IT0005221517";"TN0189428";2,12;1,48;1,84;1,65;1,76;1,66;2,07;1,27;1,21;1,04;1,40;1,45;1,80;1,62;1,73;1,62;2,04;1,15;1,20;1,03;0,35;0,55;0,53;0,54;0,44;0,48;0,47;0,65;0,88;0,81;0,57;0,99;0,86;0,83;0,71;0,88;0,68;1,31;1,64;1,37;0,50;2,38;3,66;3,96;2,69;5,59;5,89;6,03;8,63;7,15;0,61;3,13;4,69;5,37;3,58;7,49;7,30;8,40;14,14;12,70;1,40;4,22;6,73;7,10;5,95;10,96;12,24;9,11;9,64;8,45;3,59;10,45;10,51;18,60;11,58;12,35;11,37;16,57;15,82;17,69;0,08;0,19;0,25;0,31;0,19;0,18;0,18;0,23;0,19;0,22;6,32;6,19;6,32;4,31;3,78;7,01;6,79;5,07;10,40;7,36;4,84;2,87;3,36;1,79;2,80;2,50;3,33;2,78;2,39;2,47;1,62;3,54;3,73;6,83;3,53;5,75;4,53;5,70;6,84;6,09;76,64;46,38;53,20;41,59;74,16;35,72;49,04;54,85;22,99;33,57;0,92;1,20;1,49;1,28;1,37;0,63;0,77;2,22;0,89;1,35
"9.";"SERVIZI ITALIA S.P.A.";"SRI";"IT0003814537";"PR0185104";0,61;0,55;0,52;0,60;0,68;0,74;0,78;0,80;0,76;0,72;0,57;0,51;0,48;0,57;0,65;0,71;0,76;0,78;0,74;0,71;0,60;0,62;0,55;0,58;0,64;0,64;0,60;0,65;0,69;0,63;2,08;2,44;2,20;2,31;2,15;2,10;1,99;2,02;2,07;1,73;0,82;1,74;-0,18;2,16;2,98;3,89;4,29;5,21;6,74;5,31;1,17;2,47;-0,26;2,97;4,28;5,54;5,78;7,42;10,30;8,23;1,32;2,71;-0,32;3,65;4,55;5,85;6,87;7,59;9,28;8,00;1,38;3,95;2,14;5,77;8,03;9,70;7,99;8,49;10,05;8,32;0,98;1,06;1,11;0,94;0,71;0,70;0,63;0,73;0,84;0,97;3,58;2,66;3,24;2,91;1,17;1,40;1,72;2,99;5,61;5,30;1,68;1,13;1,56;1,27;0,48;0,54;0,75;1,10;1,75;2,04;12,66;20,42;13,43;17,91;50,33;46,68;33,88;23,48;14,96;12,57;46,95;42,28;48,32;43,49;40,95;38,80;43,78;36,73;31,18;38,39;1,06;0,99;1,06;0,92;0,66;0,63;0,61;0,57;0,53;0,75
"10.";"A.L.A. SOCIETA' PER AZIONI";"ALA";"IT0005446700";"NA0803780";1,98;2,31;1,61;1,27;1,17;1,09;1,24;1,40;1,33;1,59;1,07;1,44;0,65;0,58;0,49;0,42;0,56;0,82;0,97;0,84;0,72;0,85;0,93;1,03;0,91;0,85;0,89;1,08;0,84;1,27;1,37;1,18;1,36;1,47;1,33;1,29;1,31;1,21;0,86;1,33;8,11;9,40;7,68;8,55;7,31;4,28;5,99;10,04;8,62;11,58;10,20;12,05;10,99;13,28;11,52;6,42;9,20;16,89;11,73;20,21;11,19;10,96;8,18;8,29;8,02;5,04;6,70;9,28;10,29;9,10;11,02;10,59;14,12;15,10;12,95;4,41;9,74;22,08;27,09;21,00;0,02;0,02;0,04;0,06;0,08;0,10;0,08;0,08;0,07;0,08;4,79;6,55;5,82;5,44;5,08;5,07;3,77;3,53;2,24;6,84;2,52;2,20;2,20;1,72;1,89;2,31;1,53;1,06;1,44;1,46;5,20;5,70;4,35;5,72;5,13;2,76;4,96;9,58;7,94;7,04;52,48;33,55;37,79;31,54;37,15;45,49;40,64;30,16;64,17;21,36;0,92;0,58;1,03;1,02;1,14;1,38;1,27;1,23;2,86;1,01
"11.";"INDUSTRIE CHIMICHE FORESTALI S.P.A. IN FORMA ABBREVIATA ICF S.P.A .";"ICF";"IT0005416281";"MI1781972";2,10;2,16;2,03;2,37;2,27;1,90;2,07;1,70;1,36;1,07;1,53;1,63;1,59;1,80;1,66;1,42;1,65;1,25;0,97;0,76;0,71;0,59;0,51;0,86;1,14;1,02;0,91;1,44;1,35;1,28;1,62;1,39;1,33;1,71;2,16;1,91;1,86;2,23;2,16;2,09;2,50;0,51;2,40;8,97;0,99;5,07;8,23;15,95;8,09;8,49;3,20;0,65;2,91;11,20;1,28;6,96;10,75;24,32;11,80;12,00;3,52;0,85;4,71;10,27;0,86;4,96;8,95;10,70;5,76;6,41;4,18;2,82;3,02;10,17;-2,15;3,23;8,17;22,31;9,14;12,69;0,20;0,21;0,20;0,35;0,18;0,18;0,19;0,13;0,18;0,22;4,42;7,60;7,93;7,56;4,42;4,48;3,60;6,43;5,01;3,82;0,61;1,43;1,56;1,27;0,78;0,89;1,01;0,41;0,84;0,88;14,38;4,74;7,65;10,58;8,44;11,88;14,79;31,07;9,41;9,73;13,81;18,79;19,72;16,81;17,67;19,90;28,08;6,37;16,83;23,06;0,24;0,29;0,25;0,42;0,36;0,39;0,51;0,17;0,53;0,76
"12.";"ENERVIT S.P.A.";"ENV";"IT0004356751";"MI1569150";1,67;1,82;1,91;1,24;1,31;1,46;1,62;1,37;1,54;1,67;1,30;1,52;1,52;0,91;1,00;1,14;1,27;1,05;1,20;1,31;1,12;0,95;0,81;1,04;1,24;1,21;1,26;1,37;1,31;1,36;1,86;1,67;1,60;2,52;2,49;2,21;2,25;2,66;2,19;2,08;7,60;6,66;-0,94;4,07;8,84;10,58;8,84;1,10;12,41;10,44;11,19;9,24;-1,24;5,98;14,39;16,97;13,66;1,84;20,57;17,80;6,80;6,99;-1,15;3,88;6,99;8,68;6,99;0,79;9,36;7,58;14,03;13,31;-9,02;3,64;15,74;12,33;10,62;0,68;10,75;11,10;0,52;0,64;0,86;0,88;0,47;0,43;0,41;0,48;0,35;0,23;2,42;2,00;10,77;4,06;2,90;11,49;3,06;3,45;4,15;6,85;0,41;0,52;4,21;0,65;0,15;1,02;0,30;0,16;0,14;0,16;29,76;25,26;1,58;14,25;68,88;12,13;36,72;40,88;89,64;62,24;16,75;26,20;39,07;15,91;5,35;8,89;9,80;4,54;3,33;2,40;0,57;0,78;1,08;0,61;0,13;0,22;0,26;0,12;0,08;0,06
"13.";"MASI AGRICOLA S.P.A. E PER BREVITA' M.AGRI S.P.A.";"MASI";"IT0004125677";"VR0345205";4,19;4,00;5,16;5,05;5,60;5,64;4,14;4,12;3,51;3,47;1,92;1,92;2,22;1,71;1,94;2,07;1,62;2,34;1,43;1,54;0,34;0,32;0,29;0,38;0,40;0,40;0,45;0,43;0,50;0,55;0,73;0,67;0,60;0,85;0,83;0,82;1,03;0,85;1,09;1,24;4,20;4,43;1,11;4,82;4,72;6,33;6,93;7,41;10,84;11,60;4,56;4,91;1,20;5,31;5,19;6,96;7,63;8,24;12,17;12,94;11,56;13,10;3,74;12,14;11,54;15,58;14,92;16,22;21,11;20,32;2,99;3,87;0,85;4,13;4,85;5,26;5,14;5,28;8,81;9,96;0,43;0,40;0,40;0,39;0,36;0,35;0,36;0,36;0,33;0,35;2,36;2,76;1,31;1,58;1,58;2,17;3,74;3,18;3,29;2,85;0,99;0,93;0,65;0,33;0,35;0,52;0,69;0,84;1,19;1,16;15,90;19,01;14,57;49,73;43,68;37,52;32,56;28,13;23,00;22,60;42,12;33,71;49,47;21,00;22,31;23,91;18,35;26,46;36,09;40,69;0,24;0,17;0,21;0,12;0,11;0,12;0,11;0,16;0,27;0,36
"14.";"SVAS BIOSANA S.P.A.";"SVS";"IT0005469264";"NA0393065";1,70;1,90;1,22;1,12;1,07;0,89;0,94;0,87;0,92;0,92;1,22;1,46;0,79;0,71;0,69;0,60;0,65;0,60;0,62;0,59;0,50;0,48;0,63;0,56;0,57;0,52;0,57;0,59;0,62;0,57;0,83;0,77;1,19;1,22;1,21;1,02;1,18;1,27;1,16;1,09;1,98;2,58;3,50;3,13;3,26;3,28;2,86;4,08;4,43;4,35;2,47;3,18;4,74;4,22;4,48;4,58;4,22;6,97;7,06;6,89;3,82;5,34;5,51;5,55;5,65;6,21;4,96;6,82;6,95;7,43;1,70;2,43;5,18;3,28;3,25;4,61;2,62;1,52;1,62;1,44;0,36;0,37;0,71;0,61;0,58;0,58;0,58;0,57;0,67;0,66;4,67;5,29;7,52;8,92;7,75;6,76;7,00;10,72;9,56;11,10;2,70;3,02;3,22;3,52;3,14;3,04;3,26;3,43;3,66;4,20;3,76;3,83;3,40;3,09;3,49;3,90;3,12;3,17;2,92;2,51;57,84;56,96;42,82;39,44;40,52;44,95;46,62;32,01;38,22;37,81;0,76;0,69;1,03;0,69;0,67;0,80;0,86;0,54;0,80;0,76
"15.";"STAR7 S.P.A.";"STAR7";"IT0005466195";"AL0208355";1,69;1,96;1,90;1,26;1,25;1,33;1,31;1,29;1,35;1,43;1,68;1,96;1,90;1,26;1,24;1,32;1,29;1,28;1,32;1,41;0,56;0,48;0,89;1,13;1,26;1,28;1,61;1,64;1,76;1,73;1,07;0,92;1,12;1,37;1,56;1,47;1,96;1,98;2,21;2,05;3,22;1,42;3,47;5,87;6,61;10,00;10,14;11,77;10,91;10,12;4,02;1,79;5,17;8,28;12,19;16,56;21,01;22,27;24,39;29,55;5,69;2,93;3,84;5,01;5,15;7,59;6,26;7,16;6,19;5,82;15,17;3,39;11,49;17,02;24,02;33,54;23,68;22,24;18,49;20,29;0,05;0,03;0,07;0,12;0,10;0,09;0,12;0,12;0,15;0,17;8,50;2,38;1,12;0,87;0,88;1,08;2,63;3,21;8,75;8,44;3,31;1,10;0,54;0,36;0,20;0,28;0,33;0,46;0,66;0,51;3,09;6,74;11,18;18,33;35,38;30,72;22,76;18,67;12,87;15,15;38,92;46,21;48,50;41,32;22,32;26,11;12,38;14,18;7,59;6,05;0,90;1,18;1,90;2,15;1,12;1,32;0,72;1,02;0,71;0,47
"16.";"SCIUKER FRAMES S.P.A.";"SCK";"IT0005340051";"AV0139557";1,79;2,85;2,05;1,44;1,46;0,98;1,08;1,01;0,88;0,89;1,59;2,40;1,45;0,83;0,96;0,61;0,65;0,73;0,66;0,67;0,47;0,53;0,40;0,41;0,39;0,49;0,82;0,87;0,88;0,94;0,68;0,84;0,75;0,82;0,69;1,08;1,37;1,48;1,67;1,70;10,82;15,83;3,58;3,75;6,46;6,25;4,81;6,35;4,92;6,99;17,04;20,99;4,70;5,29;9,99;11,02;11,43;18,02;17,92;26,92;22,44;29,44;8,57;8,73;14,16;11,79;5,71;6,84;5,17;7,12;22,11;21,12;2,18;1,57;10,14;17,13;9,15;13,75;10,85;19,35;0,73;0,47;1,36;1,24;1,02;2,80;0,80;0,78;1,66;1,97;3,46;6,95;9,68;6,69;9,44;7,53;7,14;9,49;16,92;11,10;1,61;1,36;5,21;3,37;2,77;2,51;1,74;1,53;1,61;0,90;16,82;26,96;3,88;5,05;8,33;8,89;6,58;7,82;6,92;10,69;46,44;19,63;53,86;50,37;29,33;33,31;24,29;16,16;9,51;8,11;1,06;0,48;1,42;1,09;0,80;2,23;1,00;0,74;0,49;0,47
"17.";"MARZOCCHI POMPE S.P.A.";"MARP";"IT0004376858";"BO0422251";2,04;1,81;2,14;1,96;1,69;1,67;1,45;1,51;1,14;1,13;1,15;1,04;1,45;1,23;1,01;0,97;0,88;1,00;0,76;0,86;1,01;0,91;0,79;0,91;0,93;1,05;0,91;0,95;0,94;0,80;1,58;1,49;1,41;1,81;1,81;2,00;1,92;1,97;2,23;1,82;5,69;3,82;-3,88;0,42;6,89;6,44;4,00;7,85;4,08;3,73;8,04;5,68;-5,35;0,60;10,19;10,55;6,77;13,96;6,42;5,93;5,50;4,11;-4,79;0,45;7,19;6,05;4,24;7,84;4,10;4,27;10,90;6,27;-0,30;-1,41;24,15;12,62;9,58;14,01;5,17;4,40;0,63;0,77;0,91;1,02;1,91;1,17;1,37;1,23;1,43;1,55;2,73;2,13;2,03;6,48;2,44;3,03;2,99;4,77;4,63;3,78;0,73;0,59;0,80;2,09;1,15;0,74;0,82;0,97;1,35;1,38;15,93;19,93;6,53;4,41;13,47;19,24;12,75;14,16;7,04;6,59;26,87;27,85;39,53;32,25;47,09;24,25;27,42;20,23;29,27;36,47;0,69;0,67;0,79;0,73;2,01;0,74;0,79;0,58;0,89;1,03
"18.";"INTRED S.P.A.";"ITD";"IT0005337818";"BS0366982";0,82;0,80;1,12;1,85;2,02;0,81;0,85;0,84;1,41;1,47;0,81;0,76;1,12;1,85;2,02;0,81;0,85;0,84;1,41;1,47;0,36;0,47;0,61;0,50;0,47;0,59;0,56;0,48;0,56;0,80;1,26;1,50;2,42;1,44;1,21;2,46;2,14;1,62;1,27;2,33;9,64;13,77;14,00;13,95;11,46;14,35;11,53;7,21;4,34;7,06;15,77;23,48;20,99;20,22;16,29;24,13;21,00;12,30;7,09;10,67;26,39;28,59;22,33;27,18;23,43;23,85;19,97;14,46;7,80;8,76;18,07;21,40;18,92;16,22;14,17;26,88;23,69;16,38;8,63;11,80;1,22;0,89;0,76;0,75;0,75;1,52;1,71;1,93;1,33;1,27;0,83;0,69;1,24;2,29;2,48;1,96;1,79;2,02;1,86;2,37;0,52;0,17;0,22;0,20;0,42;0,69;0,66;1,13;0,98;0,54;82,23;258,42;175,82;210,03;89,56;56,15;51,70;23,42;19,20;36,27;63,20;24,06;17,59;8,55;17,13;34,95;36,92;55,92;52,68;22,88;0,61;0,25;0,20;0,07;0,14;0,55;0,63;0,99;0,92;0,39
"19.";"VIMI FASTENERS S.P.A.";"VIM";"IT0004717200";"RE0231498";1,10;1,31;1,68;1,26;1,55;1,26;1,24;1,29;1,23;1,31;0,59;0,76;1,10;0,85;1,02;0,91;0,88;0,93;0,92;0,96;0,88;0,79;0,59;0,69;0,84;1,13;1,01;1,01;1,10;1,03;1,81;1,68;1,30;1,49;1,66;1,63;1,82;1,92;2,00;1,83;0,77;0,05;-5,16;-5,98;-0,26;5,82;3,15;0,53;4,74;5,86;1,08;0,07;-6,65;-7,93;-0,35;9,86;4,88;0,79;7,17;8,89;0,85;0,06;-8,50;-8,60;-0,30;5,09;3,07;0,52;4,27;5,65;3,85;1,99;-8,71;-9,51;-0,20;12,05;4,78;0,11;5,22;7,17;0,59;0,66;0,75;0,78;0,55;0,82;0,92;1,01;0,94;0,95;2,07;1,91;1,83;1,54;1,07;0,96;0,70;1,03;2,24;2,60;0,57;0,59;0,99;0,65;0,35;0,20;0,12;0,21;0,37;0,50;14,86;15,47;3,90;2,30;18,13;58,56;81,87;32,29;24,65;20,53;27,52;31,13;53,92;42,24;33,05;20,95;17,20;20,24;16,62;19,39;0,69;0,75;1,02;0,94;0,63;0,68;0,38;0,44;0,39;0,44
"20.";"MEDICA S.P.A.";"MDC";"IT0005460149";"MO0229672";1,14;1,69;1,03;0,80;0,82;0,76;0,94;0,92;1,04;1,01;0,95;1,47;0,89;0,59;0,61;0,57;0,49;0,59;0,74;0,76;0,48;0,52;0,75;0,79;0,80;0,79;0,75;0,78;0,80;0,83;1,25;0,84;1,41;2,15;2,34;2,36;1,59;1,48;1,51;1,51;6,37;3,23;4,60;3,58;5,93;1,72;2,03;3,86;1,27;3,06;10,02;5,46;10,58;6,74;10,98;3,13;3,34;6,20;2,60;6,07;12,25;6,22;6,13;4,46;7,19;2,12;2,65;4,90;1,55;3,50;10,04;6,42;11,51;10,74;17,56;2,82;5,68;11,95;2,43;6,86;0,10;0,18;0,57;0,70;0,88;1,23;0,62;0,34;0,33;0,40;1,50;1,78;1,44;1,71;1,83;1,75;1,96;1,68;4,15;4,87;0,54;0,40;0,43;0,62;0,70;0,79;1,07;0,90;1,51;1,65;30,35;27,23;23,42;14,32;14,79;6,60;5,06;8,60;3,04;3,85;36,36;22,65;29,90;36,22;38,57;45,00;54,43;53,59;36,38;33,86;0,42;0,25;1,07;1,21;1,43;1,98;2,18;2,10;1,56;1,74
"21.";"I.L.P.R.A. S.P.A.";"ILP";"IT0005359101";"MI0466339";2,16;2,28;2,18;1,61;1,25;1,76;1,50;1,48;1,58;1,53;1,51;1,70;1,40;0,94;0,68;1,28;1,04;1,10;1,21;1,18;0,60;0,63;0,53;0,74;0,82;0,65;0,58;0,64;0,63;0,70;0,86;0,92;0,86;1,16;1,21;0,87;0,89;0,87;0,86;0,95;9,83;9,78;6,62;2,98;8,85;6,76;5,60;3,10;3,00;2,56;13,74;13,54;9,19;4,73;19,58;12,85;9,91;5,12;4,68;3,81;15,77;14,64;12,08;3,87;10,46;10,06;9,01;4,70;4,57;3,41;19,10;18,53;11,70;11,18;38,49;12,30;4,88;0,41;0,34;0,76;0,19;0,22;0,29;0,52;1,10;0,62;0,68;0,68;0,72;0,71;1,78;1,71;2,53;3,47;7,13;9,80;10,69;9,52;9,25;7,02;0,69;0,66;1,22;1,21;2,04;2,35;3,17;3,27;3,59;2,83;31,82;30,82;16,28;8,73;7,67;6,41;4,44;2,91;2,31;2,24;38,49;38,49;48,37;34,97;28,65;23,94;29,65;34,35;38,84;40,29;0,50;0,55;0,58;0,75;1,30;0,55;0,64;0,79;0,89;1,07
"22.";"COFLE S.P.A.";"CFL";"IT0005465619";"MI1145178";2,98;3,41;1,74;1,39;1,38;1,38;1,43;1,45;1,47;1,40;2,45;2,77;1,19;0,90;0,88;0,98;0,94;0,93;0,96;1,00;0,57;0,70;0,82;1,18;1,42;1,32;1,38;1,35;1,40;1,47;0,90;1,10;1,52;1,98;2,05;1,63;1,74;1,68;1,75;1,86;0,68;3,34;1,21;1,50;7,39;4,82;4,55;2,05;3,70;4,58;0,84;4,31;1,80;2,26;12,19;8,61;7,15;3,23;5,90;7,48;1,13;4,58;1,43;1,24;5,04;3,60;3,24;1,51;2,63;3,09;10,34;32,99;37,05;8,81;19,96;16,49;12,06;5,78;6,20;9,21;0,08;0,08;0,15;0,25;0,30;0,45;0,51;0,63;0,63;0,66;1,75;1,50;1,36;1,57;1,90;1,37;1,53;2,04;3,34;3,67;0,44;0,37;0,52;0,47;0,41;0,35;0,46;0,66;0,97;1,00;9,19;20,19;7,23;7,44;17,52;16,88;12,72;6,28;5,35;5,58;25,17;24,67;37,81;29,76;21,51;25,41;29,86;32,16;29,22;27,18;0,29;0,33;0,94;1,29;1,25;1,55;1,94;2,23;1,96;2,00
"23.";"FRIULCHEM S.P.A.";"FCM";"IT0005378457";"PN0056356";1,36;2,15;1,71;1,58;1,07;0,84;0,71;0,75;0,76;0,62;1,02;1,80;1,29;1,31;0,73;0,63;0,56;0,52;0,54;0,44;0,77;0,68;0,80;0,77;0,99;0,90;0,91;0,69;0,68;0,65;1,30;1,23;1,79;1,49;2,15;1,97;2,04;1,77;1,79;1,97;0,94;1,44;-1,48;1,70;4,00;2,79;2,59;2,17;4,03;-0,35;1,51;1,85;-1,97;2,40;6,18;4,44;4,14;3,48;6,54;-0,56;1,20;2,08;-1,82;2,18;3,98;2,96;2,82;3,13;5,90;-0,53;0,28;0,09;-2,98;0,59;3,66;1,11;0,32;-0,37;0,88;2,40;0,15;0,16;0,16;0,18;0,34;0,60;0,60;0,66;0,65;0,84;5,69;3,33;4,81;6,19;7,82;5,46;6,45;7,58;9,88;9,69;1,67;1,45;1,48;1,35;1,97;2,12;2,42;3,40;3,75;4,37;2,95;4,52;2,54;6,27;5,04;4,46;3,50;3,07;4,20;2,32;29,30;43,48;30,79;21,87;25,23;38,83;37,56;44,84;37,99;45,09;0,72;0,78;0,50;0,33;0,70;1,54;1,59;1,40;1,21;1,62
"24.";"FERVI S.P.A.";"FVI";"IT0005325912";"MO0184870";3,08;3,30;6,46;4,17;5,12;2,82;3,21;2,75;2,19;2,29;1,70;2,01;4,70;2,54;3,42;1,66;1,85;1,47;1,21;1,54;0,57;0,56;0,51;0,65;0,67;0,81;0,86;0,78;0,65;0,70;1,10;0,89;0,66;0,94;0,84;1,08;1,10;1,02;0,89;0,94;6,54;6,42;7,47;9,30;10,22;16,09;15,19;5,23;5,73;3,55;7,89;7,72;8,59;11,51;12,43;21,11;19,98;6,51;7,20;5,62;11,18;11,46;14,59;14,04;15,02;19,61;17,57;6,70;8,85;5,08;7,48;7,52;8,79;9,87;9,94;20,50;31,08;20,86;25,84;7,81;0,01;0,01;0,01;0,01;0,01;0,03;0,06;0,07;0,09;0,07;0,70;0,58;0,32;1,79;0,62;0,34;0,98;1,83;1,68;3,55;0,15;0,18;0,13;0,13;0,08;0,09;0,20;0,71;0,95;1,09;86,94;71,11;140,46;126,71;231,17;237,58;95,68;25,71;22,98;17,65;21,32;32,09;38,98;7,51;12,68;27,10;20,76;38,78;56,40;30,76;0,18;0,28;0,30;0,07;0,12;0,41;0,56;2,56;3,70;1,43
"25.";"PLANETEL S.P.A.";"PLT";"IT0005430951";"BG0326623";1,16;0,96;2,35;0,90;0,67;0,67;1,32;1,64;1,44;1,20;1,11;0,91;2,32;0,87;0,64;0,65;1,27;1,57;1,42;1,18;0,43;0,45;0,35;0,54;0,65;0,63;1,02;1,03;1,38;1,46;1,83;1,97;0,80;1,90;2,50;1,94;2,17;2,02;2,96;3,06;2,68;2,85;1,93;3,15;3,10;4,05;4,81;1,00;1,97;14,83;3,68;4,22;2,63;5,01;5,11;6,82;7,80;1,52;3,47;29,43;5,98;6,10;5,37;5,73;4,61;6,17;4,55;0,94;1,39;9,78;4,37;5,36;7,82;14,08;14,82;16,01;12,13;8,92;6,66;23,65;1,20;1,30;1,12;2,73;2,37;2,02;0,79;0,66;0,61;0,69;2,52;1,99;1,51;1,35;0,85;0,60;1,15;0,47;2,64;4,79;1,37;1,12;1,35;0,99;0,42;0,29;0,22;0,11;0,14;0,08;18,76;21,47;17,09;21,77;46,70;67,42;71,32;118,75;94,14;236,16;54,57;56,46;89,41;73,71;49,36;48,99;19,47;23,81;5,21;1,69;0,58;0,64;0,78;1,82;1,21;1,18;0,50;0,63;0,15;0,05
"26.";"LINDBERGH S.P.A.";"LDB";"IT0005469272";"CR0181500";1,23;2,03;1,78;1,32;1,13;1,02;0,91;1,15;0,82;1,03;1,19;2,00;1,75;1,32;1,12;1,02;0,91;1,13;0,82;1,03;0,89;0,90;1,49;1,52;1,49;1,45;1,39;1,48;1,54;1,33;2,27;1,30;2,37;2,32;2,63;2,65;2,72;3,60;3,73;3,50;8,75;9,69;18,03;15,57;17,20;13,09;8,57;6,34;7,03;8,89;13,35;13,36;29,80;27,24;28,77;21,95;13,85;9,52;11,84;14,98;9,64;10,74;12,00;10,11;11,42;8,82;6,02;4,27;4,55;6,61;13,60;16,01;54,59;46,55;51,53;46,92;33,02;32,20;21,17;26,02;0,37;0,25;0,82;1,10;1,32;1,49;2,05;2,32;2,96;2,69;7,06;1,07;1,70;1,74;2,10;2,47;2,48;2,82;3,36;4,30;1,43;0,29;0,41;0,39;0,51;0,68;0,81;0,92;0,96;1,23;9,99;49,65;34,59;32,56;29,36;17,77;12,12;9,71;8,24;9,28;20,29;27,63;24,25;22,43;24,22;27,50;32,82;32,50;28,64;28,58;0,39;0,52;1,51;1,53;1,57;2,17;3,08;2,64;2,92;1,84
"27.";"FOS S.P.A.";"FOS";"IT0005388217";"MI1592286";1,95;2,38;2,72;2,14;1,04;1,43;1,68;1,62;1,34;1,32;1,95;2,38;2,72;2,14;1,03;1,43;1,68;1,62;1,34;1,32;0,37;0,44;0,39;0,36;0,54;0,75;0,57;0,62;0,67;0,63;0,67;0,69;0,64;0,56;1,39;1,22;0,73;0,77;0,88;0,86;2,00;0,82;2,29;1,21;0,20;4,80;6,39;5,88;6,77;4,53;2,98;1,22;3,31;1,81;0,32;8,09;9,53;8,77;12,39;7,72;4,95;1,68;5,21;2,98;0,33;6,22;9,95;7,68;8,33;5,85;8,34;5,88;7,74;4,67;2,10;6,55;17,98;3,46;2,46;1,19;0,02;0,03;0,01;0,01;0,06;0,04;0,06;0,07;0,09;0,11;1,60;2,00;3,46;3,72;2,48;5,80;4,69;4,11;7,86;7,67;1,00;0,90;1,92;1,81;1,91;2,03;2,67;2,27;3,04;3,43;17,45;18,54;11,16;10,60;5,85;5,75;4,89;5,90;4,95;4,79;62,79;44,96;55,43;48,55;77,17;34,99;57,05;55,31;38,73;44,68;0,61;0,48;0,54;0,42;3,01;0,87;1,51;2,02;1,97;2,32
"28.";"BASIC NET S.P.A.";"BAN";"IT0001033700";"TO0631153";2,51;2,34;2,66;2,78;3,32;3,34;2,39;2,55;2,23;1,93;2,51;2,33;2,65;2,77;3,31;3,31;2,37;2,53;2,21;1,91;0,01;0,01;0,02;0,03;0,03;0,02;0,02;0,02;0,02;0,01;0,05;0,03;0,04;0,05;0,05;0,04;0,03;0,03;0,03;0,02;2,12;2,90;2,57;8,06;8,07;6,48;6,51;7,92;7,20;6,01;2,35;3,31;2,90;9,39;9,27;7,48;8,08;9,94;9,28;7,79;10,02;14,93;9,21;24,59;24,91;22,97;24,26;29,06;25,64;22,94;7,60;44,40;5,19;15,21;14,12;5,28;8,55;13,71;12,34;5,83;0,06;0,08;0,14;0,13;0,03;0,03;0,02;0,02;0,02;0,02;4,10;1,86;1,56;1,40;1,69;1,42;2,01;3,10;9,10;8,35;1,07;1,10;1,24;0,68;1,06;1,13;1,26;1,53;2,33;3,55;19,89;23,30;23,41;48,79;29,05;25,64;25,00;23,10;13,82;8,35;26,23;59,19;79,85;48,79;62,56;79,55;62,68;49,29;25,64;42,59;0,12;0,22;0,48;0,35;0,30;0,35;0,27;0,20;0,10;0,17
